"record_type"	"stage"	"fixture"	"engine"	"check"	"coefficient"	"expected"	"observed"	"status"	"detail"	"solver_status"	"solver_objective"	"max_residual"	"ray"	"t"	"direct_objective"	"compiled_objective"	"direct_delta"	"compiled_delta"	"retained_rows"	"design_columns"	"trials_sum"	"active_weight_sum"	"detector_outcome"	"detector_class"	"warnings"	"error"	"record_id"
"receipt"	"preflight"	"lane"	"harness"	"authorization"		"binomial_s0a3_only"	"binomial_s0a3_only"	"PASS"	"no hurdle; no S1; no package integration; no PR; no push; no merge"																		"s0a3-0001"
"receipt"	"preflight"	"runtime"	"R"	"versions"		"drmTMB=0.6.0;detectseparation=0.4.0;ROI=1.0.2;ROI.plugin.lpsolve=1.0.2;lpSolveAPI=5.5.2.0.17.15;brglm2=1.1.0;TMB=1.9.21"	"drmTMB=0.6.0;detectseparation=0.4.0;ROI=1.0.2;ROI.plugin.lpsolve=1.0.2;lpSolveAPI=5.5.2.0.17.15;brglm2=1.1.0;TMB=1.9.21"	"PASS"	"R=4.6.0; platform=aarch64-apple-darwin23"																		"s0a3-0002"
"gate"	"binomial-core"	"mu_overlap"	"base_qr"	"design_rank"		"full_rank"	"full_rank"	"PASS"	"rank=2; p=2"										"6"	"2"	"6"	"6"					"s0a3-0003"
"fit"	"binomial-core"	"mu_overlap"	"drmTMB_ML"	"coefficient"	"(Intercept)"		"0.000000000000000036950792562241366"	"RECORDED"	"convergence=0; message=relative convergence (4); objective=4.1588830833596715; max_gradient=0.000000000000000055511151231257827; pdHess=TRUE"										"6"	"2"	"6"	"6"					"s0a3-0004"
"fit"	"binomial-core"	"mu_overlap"	"drmTMB_ML"	"coefficient"	"x"		"0.000000000000000028549731614571176"	"RECORDED"	"convergence=0; message=relative convergence (4); objective=4.1588830833596715; max_gradient=0.000000000000000055511151231257827; pdHess=TRUE"										"6"	"2"	"6"	"6"					"s0a3-0005"
"fit"	"binomial-core"	"mu_overlap"	"glm"	"coefficient"	"(Intercept)"		"0.000000000000000036950792562241366"	"RECORDED"	"converged=TRUE; deviance= 8.317766166719343"										"6"	"2"	"6"	"6"					"s0a3-0006"
"fit"	"binomial-core"	"mu_overlap"	"glm"	"coefficient"	"x"		"0.000000000000000028549731614571176"	"RECORDED"	"converged=TRUE; deviance= 8.317766166719343"										"6"	"2"	"6"	"6"					"s0a3-0007"
"fit"	"binomial-core"	"mu_overlap"	"brglm2_mean_bias_reduction"	"coefficient"	"(Intercept)"		"-0.00000000000000012183209137001665"	"RECORDED"	"converged=TRUE; deviance=8.3177661667193448"										"6"	"2"	"6"	"6"					"s0a3-0008"
"fit"	"binomial-core"	"mu_overlap"	"brglm2_mean_bias_reduction"	"coefficient"	"x"		"-0.00000000000000022836343549218087"	"RECORDED"	"converged=TRUE; deviance=8.3177661667193448"										"6"	"2"	"6"	"6"					"s0a3-0009"
"gate"	"binomial-core"	"mu_overlap"	"drmTMB_vs_glm"	"overlap_coefficients"		"<=1e-6"	"0"	"PASS"																			"s0a3-0010"
"oracle"	"binomial-core"	"mu_overlap"	"ROI_lpsolve_cone"	"improving_cone"		"infeasible_certified"	"infeasible_certified"	"PASS"	"solution=(Intercept)=0;x=0; B_source=1,2,3,4,5,6; E_source=; max_abs_colsums=0; tau_B=0.00000001; tau_E=0.00000001; tau_c=0.00000001; certificate_resid_D=0; certificate_min_u=                 1; certificate_tau_D=0.00000001; message=1 | list(c(0, 0)) | list(c(1, 0, 0, 0, 0, 0, 0, 0, 0)) | list(objfrom = c(0, 0), objtill = c(1e+30, 1e+30)) | list(duals = c(0, 0, 0, 0, 0, 0, 0, 0), dualsfrom = c(-1e+30, -1e+30, -1e+30, -1e+30, -1e+30, -1e+30, 0, 0), dualstill = c(1e+30, 1e+30, 1e+30, 1e+30, 1e+30, 1e+30, 0, 0)) | 0 | 0"	"0"	"0"	"                 1"							"6"	"2"							"s0a3-0011"
"oracle"	"binomial-core"	"mu_overlap"	"ROI_lpsolve_strict_margin"	"separation_class"		"none"	"none"	"PASS"	"delta=0; solution=0,0,0,0,0; message=1 | list(c(0, 0, 0, 0, 0)) | list(c(1, -0.5, -0.5, 0, 0, 0, 0, 0, 0, 0, 0, 0, 0)) | list(objfrom = c(-1e+30, -1e+30, -1e+30, -1e+30, -1e+30), objtill = c(0, 0, 0, 0, 1e+30)) | list(duals = c(-0.5, -0.5, 0, 0, 0, 0, 0, 0, 0, 0, 0, 0), dualsfrom = c(0, 0, -1e+30, -1e+30, -1e+30, -1e+30, -1e+30, 0, -1e+30, 0, 0, -1e+30), dualstill = c(0, 0, 1e+30, 1e+30, 1e+30, 1e+30, 1e+30, 0, 1e+30, 0, 0.5, 1e+30)) | 2 | 0"	"0"	"0"	"0"															"s0a3-0012"
"detector"	"binomial-core"	"mu_overlap"	"detectseparation"	"separation_class"		"none"	"none"	"PASS"															"FALSE"	"none"			"s0a3-0013"
"detector"	"binomial-core"	"mu_overlap"	"detectseparation"	"overlap_indicators"		"all_finite_zero"	"(Intercept)=0;x=0"	"PASS"																			"s0a3-0014"
"gate"	"objective-rays"	"mu_overlap"	"drmTMB_compiled"	"parameter_mapping"		"all_true"	"length=TRUE;free_names=TRUE;coefficient_names=TRUE;par_list_values=TRUE"	"PASS"																			"s0a3-0015"
"objective"	"objective-rays"	"mu_overlap"	"drmTMB_compiled_vs_direct"	"objective_delta"		"<=1e-8"	"0"	"PASS"					"intercept_positive"	"0"	"4.1588830833596715"	"4.1588830833596715"	"0"	"0"									"s0a3-0016"
"objective"	"objective-rays"	"mu_overlap"	"drmTMB_compiled_vs_direct"	"objective_delta"		"<=1e-8"	"0.00000000000000088817841970012523"	"PASS"					"intercept_positive"	"0.5"	"4.3444619050806406"	"4.3444619050806397"	"0.18557882172096907"	"0.18557882172096818"									"s0a3-0017"
"objective"	"objective-rays"	"mu_overlap"	"drmTMB_compiled_vs_direct"	"objective_delta"		"<=1e-8"	"0.00000000000000088817841970012523"	"PASS"					"intercept_positive"	"1"	"4.8795701251093364"	"4.8795701251093373"	"0.72068704174966491"	"0.7206870417496658"									"s0a3-0018"
"objective"	"objective-rays"	"mu_overlap"	"drmTMB_compiled_vs_direct"	"objective_delta"		"<=1e-8"	"0.0000000000000044408920985006262"	"PASS"					"intercept_positive"	"2"	"6.7615680662578308"	"6.7615680662578352"	"2.6026849828981593"	"2.6026849828981637"									"s0a3-0019"
"objective"	"objective-rays"	"mu_overlap"	"drmTMB_compiled_vs_direct"	"objective_delta"		"<=1e-8"	"0.0000000000000017763568394002505"	"PASS"					"intercept_positive"	"4"	"12.108899567506858"	"12.108899567506857"	" 7.950016484147187"	"7.9500164841471852"									"s0a3-0020"
"objective"	"objective-rays"	"mu_overlap"	"drmTMB_compiled_vs_direct"	"objective_delta"		"<=1e-8"	"0.00000000000095212726591853425"	"PASS"					"intercept_positive"	"8"	"24.002012438238321"	"24.002012438237369"	"19.843129354878648"	"19.843129354877696"									"s0a3-0021"
"objective"	"objective-rays"	"mu_overlap"	"drmTMB_compiled_vs_direct"	"objective_delta"		"<=1e-8"	"0.00000000060730087625415763"	"PASS"					"intercept_positive"	"16"	"48.000000674603712"	"48.000000675211012"	"43.841117591244043"	"43.841117591851344"									"s0a3-0022"
"gate"	"objective-rays"	"mu_overlap"	"drmTMB_compiled_vs_direct"	"ray_verdict"		"interior_minimum"	"compiled_delta_t1=0.7206870417496658; direct_delta_t1=0.72068704174966491"	"PASS"					"intercept_positive"														"s0a3-0023"
"objective"	"objective-rays"	"mu_overlap"	"drmTMB_compiled_vs_direct"	"objective_delta"		"<=1e-8"	"0"	"PASS"					"intercept_negative"	"0"	"4.1588830833596715"	"4.1588830833596715"	"0"	"0"									"s0a3-0024"
"objective"	"objective-rays"	"mu_overlap"	"drmTMB_compiled_vs_direct"	"objective_delta"		"<=1e-8"	"0"	"PASS"					"intercept_negative"	"0.5"	"4.3444619050806397"	"4.3444619050806397"	"0.18557882172096818"	"0.18557882172096818"									"s0a3-0025"
"objective"	"objective-rays"	"mu_overlap"	"drmTMB_compiled_vs_direct"	"objective_delta"		"<=1e-8"	"0.00000000000000088817841970012523"	"PASS"					"intercept_negative"	"1"	"4.8795701251093364"	"4.8795701251093373"	"0.72068704174966491"	"0.7206870417496658"									"s0a3-0026"
"objective"	"objective-rays"	"mu_overlap"	"drmTMB_compiled_vs_direct"	"objective_delta"		"<=1e-8"	"0"	"PASS"					"intercept_negative"	"2"	"6.7615680662578352"	"6.7615680662578352"	"2.6026849828981637"	"2.6026849828981637"									"s0a3-0027"
"objective"	"objective-rays"	"mu_overlap"	"drmTMB_compiled_vs_direct"	"objective_delta"		"<=1e-8"	"0"	"PASS"					"intercept_negative"	"4"	"12.108899567506857"	"12.108899567506857"	"7.9500164841471852"	"7.9500164841471852"									"s0a3-0028"
"objective"	"objective-rays"	"mu_overlap"	"drmTMB_compiled_vs_direct"	"objective_delta"		"<=1e-8"	"0"	"PASS"					"intercept_negative"	"8"	"24.002012438237372"	"24.002012438237372"	"  19.8431293548777"	"  19.8431293548777"									"s0a3-0029"
"objective"	"objective-rays"	"mu_overlap"	"drmTMB_compiled_vs_direct"	"objective_delta"		"<=1e-8"	"0"	"PASS"					"intercept_negative"	"16"	"48.000000675211012"	"48.000000675211012"	"43.841117591851344"	"43.841117591851344"									"s0a3-0030"
"gate"	"objective-rays"	"mu_overlap"	"drmTMB_compiled_vs_direct"	"ray_verdict"		"interior_minimum"	"compiled_delta_t1=0.7206870417496658; direct_delta_t1=0.72068704174966491"	"PASS"					"intercept_negative"														"s0a3-0031"
"objective"	"objective-rays"	"mu_overlap"	"drmTMB_compiled_vs_direct"	"objective_delta"		"<=1e-8"	"0"	"PASS"					"slope_positive"	"0"	"4.1588830833596715"	"4.1588830833596715"	"0"	"0"									"s0a3-0032"
"objective"	"objective-rays"	"mu_overlap"	"drmTMB_compiled_vs_direct"	"objective_delta"		"<=1e-8"	"0"	"PASS"					"slope_positive"	"0.5"	"4.2826022978403175"	"4.2826022978403175"	"0.12371921448064604"	"0.12371921448064604"									"s0a3-0033"
"objective"	"objective-rays"	"mu_overlap"	"drmTMB_compiled_vs_direct"	"objective_delta"		"<=1e-8"	"0"	"PASS"					"slope_positive"	"1"	" 4.639341111192782"	" 4.639341111192782"	"0.48045802783311053"	"0.48045802783311053"									"s0a3-0034"
"objective"	"objective-rays"	"mu_overlap"	"drmTMB_compiled_vs_direct"	"objective_delta"		"<=1e-8"	"0.0000000000000017763568394002505"	"PASS"					"slope_positive"	"2"	"5.8940064052917798"	"5.8940064052917815"	"1.7351233219321083"	"1.7351233219321101"									"s0a3-0035"
"objective"	"objective-rays"	"mu_overlap"	"drmTMB_compiled_vs_direct"	"objective_delta"		"<=1e-8"	"0.0000000000000017763568394002505"	"PASS"					"slope_positive"	"4"	"9.4588940727911304"	"9.4588940727911286"	"5.3000109894314589"	"5.3000109894314571"									"s0a3-0036"
"objective"	"objective-rays"	"mu_overlap"	"drmTMB_compiled_vs_direct"	"objective_delta"		"<=1e-8"	"0.00000000000031263880373444408"	"PASS"					"slope_positive"	"8"	"17.387635986611787"	"17.387635986611475"	"13.228752903252115"	"13.228752903251802"									"s0a3-0037"
"objective"	"objective-rays"	"mu_overlap"	"drmTMB_compiled_vs_direct"	"objective_delta"		"<=1e-8"	"0.00000000020243362541805254"	"PASS"					"slope_positive"	"16"	"33.386294811058129"	"33.386294811260562"	"29.227411727698456"	" 29.22741172790089"									"s0a3-0038"
"gate"	"objective-rays"	"mu_overlap"	"drmTMB_compiled_vs_direct"	"ray_verdict"		"interior_minimum"	"compiled_delta_t1=0.48045802783311053; direct_delta_t1=0.48045802783311053"	"PASS"					"slope_positive"														"s0a3-0039"
"objective"	"objective-rays"	"mu_overlap"	"drmTMB_compiled_vs_direct"	"objective_delta"		"<=1e-8"	"0"	"PASS"					"slope_negative"	"0"	"4.1588830833596715"	"4.1588830833596715"	"0"	"0"									"s0a3-0040"
"objective"	"objective-rays"	"mu_overlap"	"drmTMB_compiled_vs_direct"	"objective_delta"		"<=1e-8"	"0"	"PASS"					"slope_negative"	"0.5"	"4.2826022978403175"	"4.2826022978403175"	"0.12371921448064604"	"0.12371921448064604"									"s0a3-0041"
"objective"	"objective-rays"	"mu_overlap"	"drmTMB_compiled_vs_direct"	"objective_delta"		"<=1e-8"	"0"	"PASS"					"slope_negative"	"1"	" 4.639341111192782"	" 4.639341111192782"	"0.48045802783311053"	"0.48045802783311053"									"s0a3-0042"
"objective"	"objective-rays"	"mu_overlap"	"drmTMB_compiled_vs_direct"	"objective_delta"		"<=1e-8"	"0.0000000000000017763568394002505"	"PASS"					"slope_negative"	"2"	"5.8940064052917798"	"5.8940064052917815"	"1.7351233219321083"	"1.7351233219321101"									"s0a3-0043"
"objective"	"objective-rays"	"mu_overlap"	"drmTMB_compiled_vs_direct"	"objective_delta"		"<=1e-8"	"0"	"PASS"					"slope_negative"	"4"	"9.4588940727911286"	"9.4588940727911286"	"5.3000109894314571"	"5.3000109894314571"									"s0a3-0044"
"objective"	"objective-rays"	"mu_overlap"	"drmTMB_compiled_vs_direct"	"objective_delta"		"<=1e-8"	"0.00000000000031619151741324458"	"PASS"					"slope_negative"	"8"	"17.387635986611791"	"17.387635986611475"	"13.228752903252119"	"13.228752903251802"									"s0a3-0045"
"objective"	"objective-rays"	"mu_overlap"	"drmTMB_compiled_vs_direct"	"objective_delta"		"<=1e-8"	"0.00000000020243362541805254"	"PASS"					"slope_negative"	"16"	"33.386294811058129"	"33.386294811260562"	"29.227411727698456"	" 29.22741172790089"									"s0a3-0046"
"gate"	"objective-rays"	"mu_overlap"	"drmTMB_compiled_vs_direct"	"ray_verdict"		"interior_minimum"	"compiled_delta_t1=0.48045802783311053; direct_delta_t1=0.48045802783311053"	"PASS"					"slope_negative"														"s0a3-0047"
"gate"	"binomial-core"	"mu_complete_shifted_forced"	"base_qr"	"design_rank"		"full_rank"	"full_rank"	"PASS"	"rank=2; p=2"										"4"	"2"	"4"	"4"					"s0a3-0048"
"fit"	"binomial-core"	"mu_complete_shifted_forced"	"drmTMB_ML"	"coefficient"	"(Intercept)"		" -70.9046887032179"	"RECORDED"	"convergence=0; message=both X-convergence and relative convergence (5); objective=0.00000000010877397024622166; max_gradient=0.000000000054386984966280128; pdHess=TRUE"										"4"	"2"	"4"	"4"					"s0a3-0049"
"fit"	"binomial-core"	"mu_complete_shifted_forced"	"drmTMB_ML"	"coefficient"	"x"		"47.269792469446692"	"RECORDED"	"convergence=0; message=both X-convergence and relative convergence (5); objective=0.00000000010877397024622166; max_gradient=0.000000000054386984966280128; pdHess=TRUE"										"4"	"2"	"4"	"4"					"s0a3-0050"
"fit"	"binomial-core"	"mu_complete_shifted_forced"	"glm"	"coefficient"	"(Intercept)"		" -70.9046887032179"	"RECORDED"	"converged=TRUE; deviance=0.00000000021754864575859341"										"4"	"2"	"4"	"4"			"glm.fit: fitted probabilities numerically 0 or 1 occurred"		"s0a3-0051"
"fit"	"binomial-core"	"mu_complete_shifted_forced"	"glm"	"coefficient"	"x"		"47.269792469392307"	"RECORDED"	"converged=TRUE; deviance=0.00000000021754864575859341"										"4"	"2"	"4"	"4"			"glm.fit: fitted probabilities numerically 0 or 1 occurred"		"s0a3-0052"
"fit"	"binomial-core"	"mu_complete_shifted_forced"	"brglm2_mean_bias_reduction"	"coefficient"	"(Intercept)"		"-1.9648540174293276"	"RECORDED"	"converged=TRUE; deviance=2.1981711243080948"										"4"	"2"	"4"	"4"					"s0a3-0053"
"fit"	"binomial-core"	"mu_complete_shifted_forced"	"brglm2_mean_bias_reduction"	"coefficient"	"x"		"1.3099026782862184"	"RECORDED"	"converged=TRUE; deviance=2.1981711243080948"										"4"	"2"	"4"	"4"					"s0a3-0054"
"oracle"	"binomial-core"	"mu_complete_shifted_forced"	"ROI_lpsolve_cone"	"improving_cone"		"feasible"	"feasible"	"PASS"	"solution=(Intercept)=-0.24999999999999997;x=              0.25; B_source=1,2,3,4; E_source=; max_abs_colsums=                 4; tau_B=0.00000001; tau_E=0.00000001; tau_c=0.00000001; certificate_resid_D=NA; certificate_min_u=NA; certificate_tau_D=NA; message=1 | list(c(-0.25, 0.25)) | list(c(1, 0, 0, 0, 0, 0, 0, 0)) | list(objfrom = c(0, 0), objtill = c(1e+30, 1e+30)) | list(duals = c(0, 0, 0, 0, 0, 0, 0), dualsfrom = c(-1e+30, -0.25, -1e+30, -1e+30, 2.22044604925031e-16, -1e+30, -1e+30), dualstill = c(1e+30, 0.250000000000253, 1e+30, 1e+30, 1e+30, 1e+30, 1e+30)) | 2 | 0"	"0"	"0"	"0.000000000000000027755575615628914"							"4"	"2"							"s0a3-0055"
"oracle"	"binomial-core"	"mu_complete_shifted_forced"	"ROI_lpsolve_strict_margin"	"separation_class"		"complete"	"complete"	"PASS"	"delta=0.20000000000000007; solution=0,0.40000000000000002,0.60000000000000009,0,0.20000000000000007; message=1 | list(c(0, 0.4, 0.6, 0, 0.2)) | list(c(1, 0, -0.6, -0.4, 0, 0.2, -0.4, 0, 0, -0.4, 0)) | list(objfrom = c(-1e+30, -0.5, -0.333333333333333, -1e+30, 2.22044604925031e-16), objtill = c(0.4, 2, 3, 0.4, 1e+30)) | list(duals = c(0, -0.6, -0.4, 0, 0.2, -0.4, 0, 0, -0.4, 0), dualsfrom = c(-1e+30, -0.5, -0.333333333333333, -1e+30, 4.44089209850063e-16, -1e+30, -1e+30, -1e+30, -2, -1e+30), dualstill = c(1e+30, 0.333333333333333, 0.5, 1e+30, 1e+30, 0.5, 1e+30, 1e+30, 0.5, 1e+30)) | 4 | 0"	"0"	"0.20000000000000007"	"0.00000000000000011102230246251565"															"s0a3-0056"
"oracle"	"binomial-core"	"mu_complete_shifted_forced"	"ROI_lpsolve_cone"	"sign_negative"	"(Intercept)"	"feasible"	"feasible"	"PASS"	"solution=(Intercept)=-1.0000000000000002;x=0.49999999999974665; message=1 | list(c(-1, 0.499999999999747)) | list(c(1, 0, 0, 0, 0, 0, 0, 0, 0)) | list(objfrom = c(0, 0), objtill = c(1e+30, 1e+30)) | list(duals = c(0, 0, 0, 0, 0, 0, 0, 0), dualsfrom = c(-1e+30, -1e+30, -0.333333333332395, -1e+30, -1e+30, -1e+30, -1e+30, -1e+30), dualstill = c(1e+30, 1e+30, 1.00000000000051, 1e+30, 1e+30, -0.500000000000253, 1e+30, 1e+30)) | 3 | 0"	"0"	"0"	"0.00000000000050692783304384648"															"s0a3-0057"
"oracle"	"binomial-core"	"mu_complete_shifted_forced"	"ROI_lpsolve_cone"	"sign_zero"	"(Intercept)"	"unresolved"	"unresolved"	"PASS"	"solution=(Intercept)=                NA;x=                NA; message=0 | list(c(NA, NA)) | list(c(NA, NA, NA, NA, NA, NA))"	"1"																	"s0a3-0058"
"oracle"	"binomial-core"	"mu_complete_shifted_forced"	"ROI_lpsolve_cone"	"sign_positive"	"(Intercept)"	"unresolved"	"unresolved"	"PASS"	"solution=(Intercept)=                NA;x=                NA; message=0 | list(c(NA, NA)) | list(c(NA, NA, NA, NA, NA, NA))"	"1"																	"s0a3-0059"
"oracle"	"binomial-core"	"mu_complete_shifted_forced"	"ROI_lpsolve_cone"	"coefficient_sign_feasibility"	"(Intercept)"	"negative=TRUE;zero=FALSE;positive=FALSE"	"negative=TRUE;zero=FALSE;positive=FALSE"	"PASS"																			"s0a3-0060"
"oracle"	"binomial-core"	"mu_complete_shifted_forced"	"ROI_lpsolve_cone"	"sign_negative"	"x"	"unresolved"	"unresolved"	"PASS"	"solution=(Intercept)=                NA;x=                NA; message=0 | list(c(NA, NA)) | list(c(NA, NA, NA, NA, NA, NA))"	"1"																	"s0a3-0061"
"oracle"	"binomial-core"	"mu_complete_shifted_forced"	"ROI_lpsolve_cone"	"sign_zero"	"x"	"unresolved"	"unresolved"	"PASS"	"solution=(Intercept)=                NA;x=                NA; message=0 | list(c(NA, NA)) | list(c(NA, NA, NA, NA, NA, NA))"	"1"																	"s0a3-0062"
"oracle"	"binomial-core"	"mu_complete_shifted_forced"	"ROI_lpsolve_cone"	"sign_positive"	"x"	"feasible"	"feasible"	"PASS"	"solution=(Intercept)=-0.99999999999999989;x=                 1; message=1 | list(c(-1, 1)) | list(c(1, 0, 0, 0, 0, 0, 0, 0, 0)) | list(objfrom = c(0, 0), objtill = c(1e+30, 1e+30)) | list(duals = c(0, 0, 0, 0, 0, 0, 0, 0), dualsfrom = c(-1e+30, -1, -1e+30, -1e+30, -1e+30, 0.25, -1e+30, -1e+30), dualstill = c(1e+30, 1.00000000000101, 1e+30, 1e+30, 1e+30, 1e+30, 1e+30, 1e+30)) | 3 | 0"	"0"	"0"	"0.00000000000000011102230246251565"															"s0a3-0063"
"oracle"	"binomial-core"	"mu_complete_shifted_forced"	"ROI_lpsolve_cone"	"coefficient_sign_feasibility"	"x"	"negative=FALSE;zero=FALSE;positive=TRUE"	"negative=FALSE;zero=FALSE;positive=TRUE"	"PASS"																			"s0a3-0064"
"detector"	"binomial-core"	"mu_complete_shifted_forced"	"detectseparation"	"separation_class"		"complete"	"complete"	"PASS"															"TRUE"	"complete"			"s0a3-0065"
"detector"	"binomial-core"	"mu_complete_shifted_forced"	"detectseparation"	"coefficient_compatibility"	"(Intercept)"	"feasible_indicator"	"-Inf -> negative"	"PASS"															"TRUE"	"complete"			"s0a3-0066"
"detector"	"binomial-core"	"mu_complete_shifted_forced"	"detectseparation"	"coefficient_compatibility"	"x"	"feasible_indicator"	"Inf -> positive"	"PASS"															"TRUE"	"complete"			"s0a3-0067"
"gate"	"objective-rays"	"mu_complete_shifted_forced"	"drmTMB_compiled"	"parameter_mapping"		"all_true"	"length=TRUE;free_names=TRUE;coefficient_names=TRUE;par_list_values=TRUE"	"PASS"																			"s0a3-0068"
"objective"	"objective-rays"	"mu_complete_shifted_forced"	"drmTMB_compiled_vs_direct"	"objective_delta"		"<=1e-8"	"0"	"PASS"					"shifted_forced"	"0"	"2.7725887222397811"	"2.7725887222397811"	"0"	"0"									"s0a3-0069"
"objective"	"objective-rays"	"mu_complete_shifted_forced"	"drmTMB_compiled_vs_direct"	"objective_delta"		"<=1e-8"	"0.00000000000000022204460492503131"	"PASS"					"shifted_forced"	"0.5"	" 1.350980524325718"	"1.3509805243257182"	"-1.4216081979140631"	"-1.4216081979140629"									"s0a3-0070"
"objective"	"objective-rays"	"mu_complete_shifted_forced"	"drmTMB_compiled_vs_direct"	"objective_delta"		"<=1e-8"	"0"	"PASS"					"shifted_forced"	"1"	"0.72369807818392962"	"0.72369807818392984"	"-2.0488906440558514"	"-2.0488906440558514"									"s0a3-0071"
"objective"	"objective-rays"	"mu_complete_shifted_forced"	"drmTMB_compiled_vs_direct"	"objective_delta"		"<=1e-8"	"0"	"PASS"					"shifted_forced"	"2"	"0.25880739236140593"	"0.25880739236140587"	"-2.5137813298783751"	"-2.5137813298783751"									"s0a3-0072"
"objective"	"objective-rays"	"mu_complete_shifted_forced"	"drmTMB_compiled_vs_direct"	"objective_delta"		"<=1e-8"	"0"	"PASS"					"shifted_forced"	"4"	"0.036312144222574928"	"0.036312144222574942"	"-2.7362765780172063"	"-2.7362765780172063"									"s0a3-0073"
"objective"	"objective-rays"	"mu_complete_shifted_forced"	"drmTMB_compiled_vs_direct"	"objective_delta"		"<=1e-8"	"0"	"PASS"					"shifted_forced"	"8"	"0.00067081282129413449"	"0.0006708128212942286"	"-2.7719179094184869"	"-2.7719179094184869"									"s0a3-0074"
"objective"	"objective-rays"	"mu_complete_shifted_forced"	"drmTMB_compiled_vs_direct"	"objective_delta"		"<=1e-8"	"0"	"PASS"					"shifted_forced"	"16"	"0.00000022507033679713592"	"0.00000022507033677435651"	"-2.7725884971694446"	"-2.7725884971694446"									"s0a3-0075"
"gate"	"objective-rays"	"mu_complete_shifted_forced"	"drmTMB_compiled_vs_direct"	"ray_verdict"		"non_worsening_and_strict"	"max_compiled_step=-0.00067058775095745426; max_direct_step=-0.00067058775095733738; compiled_improvement=2.7725884971694446; direct_improvement=2.7725884971694446"	"PASS"					"shifted_forced"														"s0a3-0076"
"gate"	"binomial-core"	"mu_complete_shifted_forced_mirror"	"base_qr"	"design_rank"		"full_rank"	"full_rank"	"PASS"	"rank=2; p=2"										"4"	"2"	"4"	"4"					"s0a3-0077"
"fit"	"binomial-core"	"mu_complete_shifted_forced_mirror"	"drmTMB_ML"	"coefficient"	"(Intercept)"		"70.904688753861024"	"RECORDED"	"convergence=0; message=both X-convergence and relative convergence (5); objective=0.00000000010877396891640679; max_gradient=0.000000000054386986580186095; pdHess=TRUE"										"4"	"2"	"4"	"4"					"s0a3-0078"
"fit"	"binomial-core"	"mu_complete_shifted_forced_mirror"	"drmTMB_ML"	"coefficient"	"x"		"-47.269792493897668"	"RECORDED"	"convergence=0; message=both X-convergence and relative convergence (5); objective=0.00000000010877396891640679; max_gradient=0.000000000054386986580186095; pdHess=TRUE"										"4"	"2"	"4"	"4"					"s0a3-0079"
"fit"	"binomial-core"	"mu_complete_shifted_forced_mirror"	"glm"	"coefficient"	"(Intercept)"		"70.904688753861024"	"RECORDED"	"converged=TRUE; deviance=0.00000000021754864575859341"										"4"	"2"	"4"	"4"			"glm.fit: fitted probabilities numerically 0 or 1 occurred"		"s0a3-0080"
"fit"	"binomial-core"	"mu_complete_shifted_forced_mirror"	"glm"	"coefficient"	"x"		"-47.269792493843283"	"RECORDED"	"converged=TRUE; deviance=0.00000000021754864575859341"										"4"	"2"	"4"	"4"			"glm.fit: fitted probabilities numerically 0 or 1 occurred"		"s0a3-0081"
"fit"	"binomial-core"	"mu_complete_shifted_forced_mirror"	"brglm2_mean_bias_reduction"	"coefficient"	"(Intercept)"		"1.9648540174293287"	"RECORDED"	"converged=TRUE; deviance=2.1981711243080939"										"4"	"2"	"4"	"4"					"s0a3-0082"
"fit"	"binomial-core"	"mu_complete_shifted_forced_mirror"	"brglm2_mean_bias_reduction"	"coefficient"	"x"		"-1.3099026782862191"	"RECORDED"	"converged=TRUE; deviance=2.1981711243080939"										"4"	"2"	"4"	"4"					"s0a3-0083"
"oracle"	"binomial-core"	"mu_complete_shifted_forced_mirror"	"ROI_lpsolve_cone"	"improving_cone"		"feasible"	"feasible"	"PASS"	"solution=(Intercept)=0.25000000000016204;x=             -0.25; B_source=1,2,3,4; E_source=; max_abs_colsums=                 4; tau_B=0.00000001; tau_E=0.00000001; tau_c=0.000000010000000000006482; certificate_resid_D=NA; certificate_min_u=NA; certificate_tau_D=NA; message=1 | list(c(0.250000000000162, -0.25)) | list(c(1, 0, 0, 0, 0, 0, 0, 0)) | list(objfrom = c(0, 0), objtill = c(1e+30, 1e+30)) | list(duals = c(0, 0, 0, 0, 0, 0, 0), dualsfrom = c(-1e+30, -0.250000000000162, -1e+30, -1e+30, 0, -1e+30, -1e+30), dualstill = c(1e+30, 0.249999999999838, 1e+30, 1e+30, 1e+30, 1e+30, 1e+30)) | 2 | 0"	"0"	"0"	"0"							"4"	"2"							"s0a3-0084"
"oracle"	"binomial-core"	"mu_complete_shifted_forced_mirror"	"ROI_lpsolve_strict_margin"	"separation_class"		"complete"	"complete"	"PASS"	"delta=0.20000000000000007; solution=0.60000000000000009,0,0,0.40000000000000002,0.20000000000000007; message=1 | list(c(0.6, 0, 0, 0.4, 0.2)) | list(c(1, 0, -0.6, -0.4, 0, 0.2, 0, -0.4, -0.4, 0, 0)) | list(objfrom = c(-0.333333333333333, -1e+30, -1e+30, -0.5, 2.22044604925031e-16), objtill = c(3, 0.4, 0.4, 2, 1e+30)) | list(duals = c(0, -0.6, -0.4, 0, 0.2, 0, -0.4, -0.4, 0, 0), dualsfrom = c(-1e+30, -0.5, -0.333333333333333, -1e+30, 4.44089209850063e-16, -1e+30, -2, -1e+30, -1e+30, -1e+30), dualstill = c(1e+30, 0.333333333333333, 0.5, 1e+30, 1e+30, 1e+30, 0.5, 0.5, 1e+30, 1e+30)) | 4 | 0"	"0"	"0.20000000000000007"	"0.00000000000000011102230246251565"															"s0a3-0085"
"oracle"	"binomial-core"	"mu_complete_shifted_forced_mirror"	"ROI_lpsolve_cone"	"sign_negative"	"(Intercept)"	"unresolved"	"unresolved"	"PASS"	"solution=(Intercept)=                NA;x=                NA; message=0 | list(c(NA, NA)) | list(c(NA, NA, NA, NA, NA, NA))"	"1"																	"s0a3-0086"
"oracle"	"binomial-core"	"mu_complete_shifted_forced_mirror"	"ROI_lpsolve_cone"	"sign_zero"	"(Intercept)"	"unresolved"	"unresolved"	"PASS"	"solution=(Intercept)=                NA;x=                NA; message=0 | list(c(NA, NA)) | list(c(NA, NA, NA, NA, NA, NA))"	"1"																	"s0a3-0087"
"oracle"	"binomial-core"	"mu_complete_shifted_forced_mirror"	"ROI_lpsolve_cone"	"sign_positive"	"(Intercept)"	"feasible"	"feasible"	"PASS"	"solution=(Intercept)=0.99999999999999989;x=-0.50000000000000011; message=1 | list(c(1, -0.5)) | list(c(1, 0, 0, 0, 0, 0, 0, 0, 0)) | list(objfrom = c(0, 0), objtill = c(1e+30, 1e+30)) | list(duals = c(0, 0, 0, 0, 0, 0, 0, 0), dualsfrom = c(-1e+30, -1e+30, -0.333333333333333, -1e+30, -1e+30, 0.5, -1e+30, -1e+30), dualstill = c(1e+30, 1e+30, 0.999999999998703, 1e+30, 1e+30, 1e+30, 1e+30, 1e+30)) | 3 | 0"	"0"	"0"	"0.00000000000000011102230246251565"															"s0a3-0088"
"oracle"	"binomial-core"	"mu_complete_shifted_forced_mirror"	"ROI_lpsolve_cone"	"coefficient_sign_feasibility"	"(Intercept)"	"negative=FALSE;zero=FALSE;positive=TRUE"	"negative=FALSE;zero=FALSE;positive=TRUE"	"PASS"																			"s0a3-0089"
"oracle"	"binomial-core"	"mu_complete_shifted_forced_mirror"	"ROI_lpsolve_cone"	"sign_negative"	"x"	"feasible"	"feasible"	"PASS"	"solution=(Intercept)=1.0000000000006481;x=                -1; message=1 | list(c(1.00000000000065, -1)) | list(c(1, 0, 0, 0, 0, 0, 0, 0, 0)) | list(objfrom = c(0, 0), objtill = c(1e+30, 1e+30)) | list(duals = c(0, 0, 0, 0, 0, 0, 0, 0), dualsfrom = c(-1e+30, -1.00000000000065, -1e+30, -1e+30, -1e+30, -1e+30, -1e+30, -1e+30), dualstill = c(1e+30, 0.999999999999351, 1e+30, 1e+30, 1e+30, -0.25, 1e+30, 1e+30)) | 3 | 0"	"0"	"0"	"0"															"s0a3-0090"
"oracle"	"binomial-core"	"mu_complete_shifted_forced_mirror"	"ROI_lpsolve_cone"	"sign_zero"	"x"	"unresolved"	"unresolved"	"PASS"	"solution=(Intercept)=                NA;x=                NA; message=0 | list(c(NA, NA)) | list(c(NA, NA, NA, NA, NA, NA))"	"1"																	"s0a3-0091"
"oracle"	"binomial-core"	"mu_complete_shifted_forced_mirror"	"ROI_lpsolve_cone"	"sign_positive"	"x"	"unresolved"	"unresolved"	"PASS"	"solution=(Intercept)=                NA;x=                NA; message=0 | list(c(NA, NA)) | list(c(NA, NA, NA, NA, NA, NA))"	"1"																	"s0a3-0092"
"oracle"	"binomial-core"	"mu_complete_shifted_forced_mirror"	"ROI_lpsolve_cone"	"coefficient_sign_feasibility"	"x"	"negative=TRUE;zero=FALSE;positive=FALSE"	"negative=TRUE;zero=FALSE;positive=FALSE"	"PASS"																			"s0a3-0093"
"detector"	"binomial-core"	"mu_complete_shifted_forced_mirror"	"detectseparation"	"separation_class"		"complete"	"complete"	"PASS"															"TRUE"	"complete"			"s0a3-0094"
"detector"	"binomial-core"	"mu_complete_shifted_forced_mirror"	"detectseparation"	"coefficient_compatibility"	"(Intercept)"	"feasible_indicator"	"Inf -> positive"	"PASS"															"TRUE"	"complete"			"s0a3-0095"
"detector"	"binomial-core"	"mu_complete_shifted_forced_mirror"	"detectseparation"	"coefficient_compatibility"	"x"	"feasible_indicator"	"-Inf -> negative"	"PASS"															"TRUE"	"complete"			"s0a3-0096"
"gate"	"objective-rays"	"mu_complete_shifted_forced_mirror"	"drmTMB_compiled"	"parameter_mapping"		"all_true"	"length=TRUE;free_names=TRUE;coefficient_names=TRUE;par_list_values=TRUE"	"PASS"																			"s0a3-0097"
"objective"	"objective-rays"	"mu_complete_shifted_forced_mirror"	"drmTMB_compiled_vs_direct"	"objective_delta"		"<=1e-8"	"0"	"PASS"					"shifted_forced_mirror"	"0"	"2.7725887222397811"	"2.7725887222397811"	"0"	"0"									"s0a3-0098"
"objective"	"objective-rays"	"mu_complete_shifted_forced_mirror"	"drmTMB_compiled_vs_direct"	"objective_delta"		"<=1e-8"	"0.00000000000000022204460492503131"	"PASS"					"shifted_forced_mirror"	"0.5"	" 1.350980524325718"	"1.3509805243257182"	"-1.4216081979140631"	"-1.4216081979140629"									"s0a3-0099"
"objective"	"objective-rays"	"mu_complete_shifted_forced_mirror"	"drmTMB_compiled_vs_direct"	"objective_delta"		"<=1e-8"	"0"	"PASS"					"shifted_forced_mirror"	"1"	"0.72369807818392951"	"0.72369807818392984"	"-2.0488906440558514"	"-2.0488906440558514"									"s0a3-0100"
"objective"	"objective-rays"	"mu_complete_shifted_forced_mirror"	"drmTMB_compiled_vs_direct"	"objective_delta"		"<=1e-8"	"0"	"PASS"					"shifted_forced_mirror"	"2"	"0.25880739236140593"	"0.25880739236140587"	"-2.5137813298783751"	"-2.5137813298783751"									"s0a3-0101"
"objective"	"objective-rays"	"mu_complete_shifted_forced_mirror"	"drmTMB_compiled_vs_direct"	"objective_delta"		"<=1e-8"	"0"	"PASS"					"shifted_forced_mirror"	"4"	"0.036312144222574935"	"0.036312144222574942"	"-2.7362765780172063"	"-2.7362765780172063"									"s0a3-0102"
"objective"	"objective-rays"	"mu_complete_shifted_forced_mirror"	"drmTMB_compiled_vs_direct"	"objective_delta"		"<=1e-8"	"0"	"PASS"					"shifted_forced_mirror"	"8"	"0.00067081282129413449"	"0.0006708128212942286"	"-2.7719179094184869"	"-2.7719179094184869"									"s0a3-0103"
"objective"	"objective-rays"	"mu_complete_shifted_forced_mirror"	"drmTMB_compiled_vs_direct"	"objective_delta"		"<=1e-8"	"0"	"PASS"					"shifted_forced_mirror"	"16"	"0.00000022507033679713592"	"0.00000022507033677435651"	"-2.7725884971694446"	"-2.7725884971694446"									"s0a3-0104"
"gate"	"objective-rays"	"mu_complete_shifted_forced_mirror"	"drmTMB_compiled_vs_direct"	"ray_verdict"		"non_worsening_and_strict"	"max_compiled_step=-0.00067058775095745426; max_direct_step=-0.00067058775095733738; compiled_improvement=2.7725884971694446; direct_improvement=2.7725884971694446"	"PASS"					"shifted_forced_mirror"														"s0a3-0105"
"gate"	"binomial-core"	"mu_complete_centered_ambiguous"	"base_qr"	"design_rank"		"full_rank"	"full_rank"	"PASS"	"rank=2; p=2"										"4"	"2"	"4"	"4"					"s0a3-0106"
"fit"	"binomial-core"	"mu_complete_centered_ambiguous"	"drmTMB_ML"	"coefficient"	"(Intercept)"		"-0.000000090706475093388447"	"RECORDED"	"convergence=0; message=both X-convergence and relative convergence (5); objective=0.00000000017836773812221025; max_gradient=0.00000000017836773813016403; pdHess=TRUE"										"4"	"2"	"4"	"4"					"s0a3-0107"
"fit"	"binomial-core"	"mu_complete_centered_ambiguous"	"drmTMB_ML"	"coefficient"	"x"		"23.140320932862867"	"RECORDED"	"convergence=0; message=both X-convergence and relative convergence (5); objective=0.00000000017836773812221025; max_gradient=0.00000000017836773813016403; pdHess=TRUE"										"4"	"2"	"4"	"4"					"s0a3-0108"
"fit"	"binomial-core"	"mu_complete_centered_ambiguous"	"glm"	"coefficient"	"(Intercept)"		"-0.000000090706475109567557"	"RECORDED"	"converged=TRUE; deviance=0.00000000035673686225664774"										"4"	"2"	"4"	"4"			"glm.fit: fitted probabilities numerically 0 or 1 occurred"		"s0a3-0109"
"fit"	"binomial-core"	"mu_complete_centered_ambiguous"	"glm"	"coefficient"	"x"		"23.140320932684499"	"RECORDED"	"converged=TRUE; deviance=0.00000000035673686225664774"										"4"	"2"	"4"	"4"			"glm.fit: fitted probabilities numerically 0 or 1 occurred"		"s0a3-0110"
"fit"	"binomial-core"	"mu_complete_centered_ambiguous"	"brglm2_mean_bias_reduction"	"coefficient"	"(Intercept)"		"0.00000000000000027868209632171716"	"RECORDED"	"converged=TRUE; deviance=1.7525055277163279"										"4"	"2"	"4"	"4"					"s0a3-0111"
"fit"	"binomial-core"	"mu_complete_centered_ambiguous"	"brglm2_mean_bias_reduction"	"coefficient"	"x"		"1.0040769564476644"	"RECORDED"	"converged=TRUE; deviance=1.7525055277163279"										"4"	"2"	"4"	"4"					"s0a3-0112"
"oracle"	"binomial-core"	"mu_complete_centered_ambiguous"	"ROI_lpsolve_cone"	"improving_cone"		"feasible"	"feasible"	"PASS"	"solution=(Intercept)=0;x=0.16666666666666669; B_source=1,2,3,4; E_source=; max_abs_colsums=                 6; tau_B=0.00000001; tau_E=0.00000001; tau_c=0.00000001; certificate_resid_D=NA; certificate_min_u=NA; certificate_tau_D=NA; message=1 | list(c(0, 0.166666666666667)) | list(c(1, 0, 0, 0, 0, 0, 0, 0)) | list(objfrom = c(0, 0), objtill = c(1e+30, 1e+30)) | list(duals = c(0, 0, 0, 0, 0, 0, 0), dualsfrom = c(-1e+30, -1e+30, -1e+30, -1e+30, 1.11022302462516e-16, -0.166666666666667, -1e+30), dualstill = c(1e+30, 1e+30, 1e+30, 1e+30, 1e+30, 0.166666666666667, 1e+30)) | 1 | 0"	"0"	"0"	"0"							"4"	"2"							"s0a3-0113"
"oracle"	"binomial-core"	"mu_complete_centered_ambiguous"	"ROI_lpsolve_strict_margin"	"separation_class"		"complete"	"complete"	"PASS"	"delta=0.99999999999999989; solution=0,0.99999999999999989,0,0,0.99999999999999989; message=1 | list(c(0, 1, 0, 0, 1)) | list(c(1, 0, -1, 0, 0, 1, -2, 0, 0, -2, 0)) | list(objfrom = c(-1e+30, -1, -1e+30, -1e+30, 0), objtill = c(2, 0, 2, 2, 1e+30)) | list(duals = c(0, -1, 0, 0, 1, -2, 0, 0, -2, 0), dualsfrom = c(-1e+30, 0, -0.666666666666667, -1e+30, 0, 0, -1e+30, -1e+30, -1e+30, -1e+30), dualstill = c(1e+30, 1, 0, 1e+30, 1e+30, 0.5, 1e+30, 1e+30, 0.5, 1e+30)) | 3 | 0"	"0"	"0.99999999999999989"	"0"															"s0a3-0114"
"oracle"	"binomial-core"	"mu_complete_centered_ambiguous"	"ROI_lpsolve_cone"	"sign_negative"	"(Intercept)"	"feasible"	"feasible"	"PASS"	"solution=(Intercept)=                -1;x=0.99999999999999989; message=1 | list(c(-1, 1)) | list(c(1, 0, 0, 0, 0, 0, 0, 0, 0)) | list(objfrom = c(0, 0), objtill = c(1e+30, 1e+30)) | list(duals = c(0, 0, 0, 0, 0, 0, 0, 0), dualsfrom = c(-1e+30, -1e+30, -0.49999999999968, -1e+30, -1e+30, -1e+30, -1e+30, -1e+30), dualstill = c(1e+30, 1e+30, 1e+30, 1e+30, 1e+30, -0.166666666666667, 1e+30, 1e+30)) | 3 | 0"	"0"	"0"	"0.00000000000000011102230246251565"															"s0a3-0115"
"oracle"	"binomial-core"	"mu_complete_centered_ambiguous"	"ROI_lpsolve_cone"	"sign_zero"	"(Intercept)"	"feasible"	"feasible"	"PASS"	"solution=(Intercept)=0;x=0.16666666666666669; message=1 | list(c(0, 0.166666666666667)) | list(c(1, 0, 0, 0, 0, 0, 0, 0, 0)) | list(objfrom = c(0, 0), objtill = c(1e+30, 1e+30)) | list(duals = c(0, 0, 0, 0, 0, 0, 0, 0), dualsfrom = c(-1e+30, -1e+30, -1e+30, -1e+30, 1.11022302462516e-16, -1e+30, 0, -1e+30), dualstill = c(1e+30, 1e+30, 1e+30, 1e+30, 1e+30, 1e+30, 0, 1e+30)) | 1 | 0"	"0"	"0"	"0"															"s0a3-0116"
"oracle"	"binomial-core"	"mu_complete_centered_ambiguous"	"ROI_lpsolve_cone"	"sign_positive"	"(Intercept)"	"feasible"	"feasible"	"PASS"	"solution=(Intercept)=                 1;x=0.99999999999999989; message=1 | list(c(1, 1)) | list(c(1, 0, 0, 0, 0, 0, 0, 0, 0)) | list(objfrom = c(0, 0), objtill = c(1e+30, 1e+30)) | list(duals = c(0, 0, 0, 0, 0, 0, 0, 0), dualsfrom = c(-1e+30, -0.5, -1e+30, -1e+30, -1e+30, 0.166666666666667, -1e+30, -1e+30), dualstill = c(1e+30, 1e+30, 1e+30, 1e+30, 1e+30, 1e+30, 1e+30, 1e+30)) | 3 | 0"	"0"	"0"	"0.00000000000000011102230246251565"															"s0a3-0117"
"oracle"	"binomial-core"	"mu_complete_centered_ambiguous"	"ROI_lpsolve_cone"	"coefficient_sign_feasibility"	"(Intercept)"	"negative=TRUE;zero=TRUE;positive=TRUE"	"negative=TRUE;zero=TRUE;positive=TRUE"	"PASS"																			"s0a3-0118"
"oracle"	"binomial-core"	"mu_complete_centered_ambiguous"	"ROI_lpsolve_cone"	"sign_negative"	"x"	"unresolved"	"unresolved"	"PASS"	"solution=(Intercept)=                NA;x=                NA; message=0 | list(c(NA, NA)) | list(c(NA, NA, NA, NA, NA, NA))"	"1"																	"s0a3-0119"
"oracle"	"binomial-core"	"mu_complete_centered_ambiguous"	"ROI_lpsolve_cone"	"sign_zero"	"x"	"unresolved"	"unresolved"	"PASS"	"solution=(Intercept)=                NA;x=                NA; message=0 | list(c(NA, NA)) | list(c(NA, NA, NA, NA, NA, NA))"	"1"																	"s0a3-0120"
"oracle"	"binomial-core"	"mu_complete_centered_ambiguous"	"ROI_lpsolve_cone"	"sign_positive"	"x"	"feasible"	"feasible"	"PASS"	"solution=(Intercept)=0;x=                 1; message=1 | list(c(0, 1)) | list(c(1, 0, 0, 0, 0, 0, 0, 0, 0)) | list(objfrom = c(0, 0), objtill = c(1e+30, 1e+30)) | list(duals = c(0, 0, 0, 0, 0, 0, 0, 0), dualsfrom = c(-1e+30, -1e+30, -1e+30, -1e+30, -1e+30, 0.166666666666667, -1, -1e+30), dualstill = c(1e+30, 1e+30, 1e+30, 1e+30, 1e+30, 1e+30, 1, 1e+30)) | 2 | 0"	"0"	"0"	"0"															"s0a3-0121"
"oracle"	"binomial-core"	"mu_complete_centered_ambiguous"	"ROI_lpsolve_cone"	"coefficient_sign_feasibility"	"x"	"negative=FALSE;zero=FALSE;positive=TRUE"	"negative=FALSE;zero=FALSE;positive=TRUE"	"PASS"																			"s0a3-0122"
"detector"	"binomial-core"	"mu_complete_centered_ambiguous"	"detectseparation"	"separation_class"		"complete"	"complete"	"PASS"															"TRUE"	"complete"			"s0a3-0123"
"detector"	"binomial-core"	"mu_complete_centered_ambiguous"	"detectseparation"	"coefficient_compatibility"	"(Intercept)"	"feasible_indicator"	"-Inf -> negative"	"PASS"															"TRUE"	"complete"			"s0a3-0124"
"detector"	"binomial-core"	"mu_complete_centered_ambiguous"	"detectseparation"	"coefficient_compatibility"	"x"	"feasible_indicator"	"Inf -> positive"	"PASS"															"TRUE"	"complete"			"s0a3-0125"
"gate"	"objective-rays"	"mu_complete_centered_ambiguous"	"drmTMB_compiled"	"parameter_mapping"		"all_true"	"length=TRUE;free_names=TRUE;coefficient_names=TRUE;par_list_values=TRUE"	"PASS"																			"s0a3-0126"
"objective"	"objective-rays"	"mu_complete_centered_ambiguous"	"drmTMB_compiled_vs_direct"	"objective_delta"		"<=1e-8"	"0"	"PASS"					"centered_intercept_negative"	"0"	"2.7725887222397811"	"2.7725887222397811"	"0"	"0"									"s0a3-0127"
"objective"	"objective-rays"	"mu_complete_centered_ambiguous"	"drmTMB_compiled_vs_direct"	"objective_delta"		"<=1e-8"	"0.00000000000000022204460492503131"	"PASS"					"centered_intercept_negative"	"0.5"	"0.95579327443816109"	"0.9557932744381612"	"-1.8167954478016202"	"-1.8167954478016199"									"s0a3-0128"
"objective"	"objective-rays"	"mu_complete_centered_ambiguous"	"drmTMB_compiled_vs_direct"	"objective_delta"		"<=1e-8"	"0"	"PASS"					"centered_intercept_negative"	"1"	"0.41715173915482484"	"0.41715173915482506"	"-2.3554369830849562"	"-2.3554369830849562"									"s0a3-0129"
"objective"	"objective-rays"	"mu_complete_centered_ambiguous"	"drmTMB_compiled_vs_direct"	"objective_delta"		"<=1e-8"	"0"	"PASS"					"centered_intercept_negative"	"2"	"0.13192478021765028"	"0.13192478021765025"	"-2.6406639420221309"	"-2.6406639420221309"									"s0a3-0130"
"objective"	"objective-rays"	"mu_complete_centered_ambiguous"	"drmTMB_compiled_vs_direct"	"objective_delta"		"<=1e-8"	"0"	"PASS"					"centered_intercept_negative"	"4"	"0.01816221836591881"	"0.018162218365918824"	"-2.7544265038738622"	"-2.7544265038738622"									"s0a3-0131"
"objective"	"objective-rays"	"mu_complete_centered_ambiguous"	"drmTMB_compiled_vs_direct"	"objective_delta"		"<=1e-8"	"0"	"PASS"					"centered_intercept_negative"	"8"	"0.00033540644839836993"	"0.00033540644839846398"	"-2.7722533157913829"	"-2.7722533157913829"									"s0a3-0132"
"objective"	"objective-rays"	"mu_complete_centered_ambiguous"	"drmTMB_compiled_vs_direct"	"objective_delta"		"<=1e-8"	"0"	"PASS"					"centered_intercept_negative"	"16"	"0.0000001125351684099591"	"0.00000011253516838717968"	"-2.7725886097046128"	"-2.7725886097046128"									"s0a3-0133"
"gate"	"objective-rays"	"mu_complete_centered_ambiguous"	"drmTMB_compiled_vs_direct"	"ray_verdict"		"non_worsening_and_strict"	"max_compiled_step=-0.00033529391323007681; max_direct_step=-0.00033529391322995999; compiled_improvement=2.7725886097046128; direct_improvement=2.7725886097046128"	"PASS"					"centered_intercept_negative"														"s0a3-0134"
"objective"	"objective-rays"	"mu_complete_centered_ambiguous"	"drmTMB_compiled_vs_direct"	"objective_delta"		"<=1e-8"	"0"	"PASS"					"centered_intercept_zero"	"0"	"2.7725887222397811"	"2.7725887222397811"	"0"	"0"									"s0a3-0135"
"objective"	"objective-rays"	"mu_complete_centered_ambiguous"	"drmTMB_compiled_vs_direct"	"objective_delta"		"<=1e-8"	"0"	"PASS"					"centered_intercept_zero"	"0.5"	" 1.574677343396659"	" 1.574677343396659"	"-1.1979113788431222"	"-1.1979113788431222"									"s0a3-0136"
"objective"	"objective-rays"	"mu_complete_centered_ambiguous"	"drmTMB_compiled_vs_direct"	"objective_delta"		"<=1e-8"	"0"	"PASS"					"centered_intercept_zero"	"1"	"0.88037939712239077"	"0.88037939712239077"	"-1.8922093251173904"	"-1.8922093251173904"									"s0a3-0137"
"objective"	"objective-rays"	"mu_complete_centered_ambiguous"	"drmTMB_compiled_vs_direct"	"objective_delta"		"<=1e-8"	"0.00000000000000044408920985006262"	"PASS"					"centered_intercept_zero"	"2"	"0.29015587792156461"	"0.29015587792156444"	"-2.4824328443182164"	"-2.4824328443182169"									"s0a3-0138"
"objective"	"objective-rays"	"mu_complete_centered_ambiguous"	"drmTMB_compiled_vs_direct"	"objective_delta"		"<=1e-8"	"0"	"PASS"					"centered_intercept_zero"	"4"	"0.036970668581410904"	"0.036970668581411015"	"-2.7356180536583703"	"-2.7356180536583703"									"s0a3-0139"
"objective"	"objective-rays"	"mu_complete_centered_ambiguous"	"drmTMB_compiled_vs_direct"	"objective_delta"		"<=1e-8"	"0"	"PASS"					"centered_intercept_zero"	"8"	"0.00067103781612822867"	"0.00067103781612831205"	"-2.771917684423653"	"-2.771917684423653"									"s0a3-0140"
"objective"	"objective-rays"	"mu_complete_centered_ambiguous"	"drmTMB_compiled_vs_direct"	"objective_delta"		"<=1e-8"	"0"	"PASS"					"centered_intercept_zero"	"16"	"0.00000022507036211784254"	"0.00000022507036210268475"	"-2.7725884971694192"	"-2.7725884971694192"									"s0a3-0141"
"gate"	"objective-rays"	"mu_complete_centered_ambiguous"	"drmTMB_compiled_vs_direct"	"ray_verdict"		"non_worsening_and_strict"	"max_compiled_step=-0.00067081274576620933; max_direct_step=-0.00067081274576611088; compiled_improvement=2.7725884971694192; direct_improvement=2.7725884971694192"	"PASS"					"centered_intercept_zero"														"s0a3-0142"
"objective"	"objective-rays"	"mu_complete_centered_ambiguous"	"drmTMB_compiled_vs_direct"	"objective_delta"		"<=1e-8"	"0"	"PASS"					"centered_intercept_positive"	"0"	"2.7725887222397811"	"2.7725887222397811"	"0"	"0"									"s0a3-0143"
"objective"	"objective-rays"	"mu_complete_centered_ambiguous"	"drmTMB_compiled_vs_direct"	"objective_delta"		"<=1e-8"	"0.00000000000000022204460492503131"	"PASS"					"centered_intercept_positive"	"0.5"	"0.95579327443816098"	"0.9557932744381612"	"-1.8167954478016202"	"-1.8167954478016199"									"s0a3-0144"
"objective"	"objective-rays"	"mu_complete_centered_ambiguous"	"drmTMB_compiled_vs_direct"	"objective_delta"		"<=1e-8"	"0.00000000000000044408920985006262"	"PASS"					"centered_intercept_positive"	"1"	"0.41715173915482467"	"0.41715173915482506"	"-2.3554369830849566"	"-2.3554369830849562"									"s0a3-0145"
"objective"	"objective-rays"	"mu_complete_centered_ambiguous"	"drmTMB_compiled_vs_direct"	"objective_delta"		"<=1e-8"	"0"	"PASS"					"centered_intercept_positive"	"2"	"0.13192478021765008"	"0.13192478021765025"	"-2.6406639420221309"	"-2.6406639420221309"									"s0a3-0146"
"objective"	"objective-rays"	"mu_complete_centered_ambiguous"	"drmTMB_compiled_vs_direct"	"objective_delta"		"<=1e-8"	"0"	"PASS"					"centered_intercept_positive"	"4"	"0.018162218365918897"	"0.018162218365918824"	"-2.7544265038738622"	"-2.7544265038738622"									"s0a3-0147"
"objective"	"objective-rays"	"mu_complete_centered_ambiguous"	"drmTMB_compiled_vs_direct"	"objective_delta"		"<=1e-8"	"0.00000000000000044408920985006262"	"PASS"					"centered_intercept_positive"	"8"	"0.0003354064483984719"	"0.00033540644839846398"	"-2.7722533157913825"	"-2.7722533157913829"									"s0a3-0148"
"objective"	"objective-rays"	"mu_complete_centered_ambiguous"	"drmTMB_compiled_vs_direct"	"objective_delta"		"<=1e-8"	"0"	"PASS"					"centered_intercept_positive"	"16"	"0.00000011253516838717825"	"0.00000011253516838717968"	"-2.7725886097046128"	"-2.7725886097046128"									"s0a3-0149"
"gate"	"objective-rays"	"mu_complete_centered_ambiguous"	"drmTMB_compiled_vs_direct"	"ray_verdict"		"non_worsening_and_strict"	"max_compiled_step=-0.00033529391323007681; max_direct_step=-0.00033529391323008472; compiled_improvement=2.7725886097046128; direct_improvement=2.7725886097046128"	"PASS"					"centered_intercept_positive"														"s0a3-0150"
"gate"	"binomial-core"	"mu_quasi"	"base_qr"	"design_rank"		"full_rank"	"full_rank"	"PASS"	"rank=2; p=2"										"4"	"2"	"4"	"4"					"s0a3-0151"
"fit"	"binomial-core"	"mu_quasi"	"drmTMB_ML"	"coefficient"	"(Intercept)"		"-0.000000000000000092790724993576003"	"RECORDED"	"convergence=0; message=both X-convergence and relative convergence (5); objective=1.3862943674819015; max_gradient=0.0000000063620108292368173; pdHess=TRUE"										"4"	"2"	"4"	"4"					"s0a3-0152"
"fit"	"binomial-core"	"mu_quasi"	"drmTMB_ML"	"coefficient"	"x"		"19.566068518824931"	"RECORDED"	"convergence=0; message=both X-convergence and relative convergence (5); objective=1.3862943674819015; max_gradient=0.0000000063620108292368173; pdHess=TRUE"										"4"	"2"	"4"	"4"					"s0a3-0153"
"fit"	"binomial-core"	"mu_quasi"	"glm"	"coefficient"	"(Intercept)"		"-0.000000000000000092790724993576003"	"RECORDED"	"converged=TRUE; deviance=2.7725887349638034"										"4"	"2"	"4"	"4"					"s0a3-0154"
"fit"	"binomial-core"	"mu_quasi"	"glm"	"coefficient"	"x"		"19.566068518824931"	"RECORDED"	"converged=TRUE; deviance=2.7725887349638034"										"4"	"2"	"4"	"4"					"s0a3-0155"
"fit"	"binomial-core"	"mu_quasi"	"brglm2_mean_bias_reduction"	"coefficient"	"(Intercept)"		"0.00000000000000026847655217735609"	"RECORDED"	"converged=TRUE; deviance=3.6925132928134268"										"4"	"2"	"4"	"4"					"s0a3-0156"
"fit"	"binomial-core"	"mu_quasi"	"brglm2_mean_bias_reduction"	"coefficient"	"x"		"1.3525645558933987"	"RECORDED"	"converged=TRUE; deviance=3.6925132928134268"										"4"	"2"	"4"	"4"					"s0a3-0157"
"oracle"	"binomial-core"	"mu_quasi"	"ROI_lpsolve_cone"	"improving_cone"		"feasible"	"feasible"	"PASS"	"solution=(Intercept)=0;x=               0.5; B_source=1,2,3,4; E_source=; max_abs_colsums=                 2; tau_B=0.00000001; tau_E=0.00000001; tau_c=0.00000001; certificate_resid_D=NA; certificate_min_u=NA; certificate_tau_D=NA; message=1 | list(c(0, 0.5)) | list(c(1, 0, 0, 0, 0, 0, 0, 0)) | list(objfrom = c(0, 0), objtill = c(1e+30, 1e+30)) | list(duals = c(0, 0, 0, 0, 0, 0, 0), dualsfrom = c(-1e+30, -1e+30, -1e+30, -1e+30, 0, 0, -1e+30), dualstill = c(1e+30, 1e+30, 1e+30, 1e+30, 1e+30, 0, 1e+30)) | 1 | 0"	"0"	"0"	"0"							"4"	"2"							"s0a3-0158"
"oracle"	"binomial-core"	"mu_quasi"	"ROI_lpsolve_strict_margin"	"separation_class"		"quasi_complete"	"quasi_complete"	"PASS"	"delta=0; solution=0,0,0,0,0; message=1 | list(c(0, 0, 0, 0, 0)) | list(c(1, 0, -0.5, -0.5, 0, 0, 0, 0, 0, 0, 0)) | list(objfrom = c(-1e+30, -1e+30, -1e+30, -1e+30, -1e+30), objtill = c(0, 0, 0, 0, 1e+30)) | list(duals = c(0, -0.5, -0.5, 0, 0, 0, 0, 0, 0, 0), dualsfrom = c(0, 0, 0, -1e+30, -1e+30, 0, -1e+30, -1e+30, 0, -1e+30), dualstill = c(1, 0, 0, 1e+30, 1e+30, 0.5, 1e+30, 1e+30, 0.5, 1e+30)) | 3 | 0"	"0"	"0"	"0"															"s0a3-0159"
"oracle"	"binomial-core"	"mu_quasi"	"ROI_lpsolve_cone"	"sign_negative"	"(Intercept)"	"unresolved"	"unresolved"	"PASS"	"solution=(Intercept)=                NA;x=                NA; message=0 | list(c(NA, NA)) | list(c(NA, NA, NA, NA, NA, NA))"	"1"																	"s0a3-0160"
"oracle"	"binomial-core"	"mu_quasi"	"ROI_lpsolve_cone"	"sign_zero"	"(Intercept)"	"feasible"	"feasible"	"PASS"	"solution=(Intercept)=0;x=               0.5; message=1 | list(c(0, 0.5)) | list(c(1, 0, 0, 0, 0, 0, 0, 0, 0)) | list(objfrom = c(0, 0), objtill = c(1e+30, 1e+30)) | list(duals = c(0, 0, 0, 0, 0, 0, 0, 0), dualsfrom = c(-1e+30, -1e+30, -1e+30, -1e+30, 0, -1e+30, 0, -1e+30), dualstill = c(1e+30, 1e+30, 1e+30, 1e+30, 1e+30, 1e+30, 0, 1e+30)) | 1 | 0"	"0"	"0"	"0"															"s0a3-0161"
"oracle"	"binomial-core"	"mu_quasi"	"ROI_lpsolve_cone"	"sign_positive"	"(Intercept)"	"unresolved"	"unresolved"	"PASS"	"solution=(Intercept)=                NA;x=                NA; message=0 | list(c(NA, NA)) | list(c(NA, NA, NA, NA, NA, NA))"	"1"																	"s0a3-0162"
"oracle"	"binomial-core"	"mu_quasi"	"ROI_lpsolve_cone"	"coefficient_sign_feasibility"	"(Intercept)"	"negative=FALSE;zero=TRUE;positive=FALSE"	"negative=FALSE;zero=TRUE;positive=FALSE"	"PASS"																			"s0a3-0163"
"oracle"	"binomial-core"	"mu_quasi"	"ROI_lpsolve_cone"	"sign_negative"	"x"	"unresolved"	"unresolved"	"PASS"	"solution=(Intercept)=                NA;x=                NA; message=0 | list(c(NA, NA)) | list(c(NA, NA, NA, NA, NA, NA))"	"1"																	"s0a3-0164"
"oracle"	"binomial-core"	"mu_quasi"	"ROI_lpsolve_cone"	"sign_zero"	"x"	"unresolved"	"unresolved"	"PASS"	"solution=(Intercept)=                NA;x=                NA; message=0 | list(c(NA, NA)) | list(c(NA, NA, NA, NA, NA, NA))"	"1"																	"s0a3-0165"
"oracle"	"binomial-core"	"mu_quasi"	"ROI_lpsolve_cone"	"sign_positive"	"x"	"feasible"	"feasible"	"PASS"	"solution=(Intercept)=0;x=                 1; message=1 | list(c(0, 1)) | list(c(1, 0, 0, 0, 0, 0, 0, 0, 0)) | list(objfrom = c(0, 0), objtill = c(1e+30, 1e+30)) | list(duals = c(0, 0, 0, 0, 0, 0, 0, 0), dualsfrom = c(-1e+30, -1e+30, -1e+30, -1e+30, -1e+30, 0.5, 0, -1e+30), dualstill = c(1e+30, 1e+30, 1e+30, 1e+30, 1e+30, 1e+30, 0, 1e+30)) | 2 | 0"	"0"	"0"	"0"															"s0a3-0166"
"oracle"	"binomial-core"	"mu_quasi"	"ROI_lpsolve_cone"	"coefficient_sign_feasibility"	"x"	"negative=FALSE;zero=FALSE;positive=TRUE"	"negative=FALSE;zero=FALSE;positive=TRUE"	"PASS"																			"s0a3-0167"
"detector"	"binomial-core"	"mu_quasi"	"detectseparation"	"separation_class"		"quasi_complete"	"quasi_complete"	"PASS"															"TRUE"	"quasi_complete"			"s0a3-0168"
"detector"	"binomial-core"	"mu_quasi"	"detectseparation"	"coefficient_compatibility"	"(Intercept)"	"feasible_indicator"	"0 -> zero"	"PASS"															"TRUE"	"quasi_complete"			"s0a3-0169"
"detector"	"binomial-core"	"mu_quasi"	"detectseparation"	"coefficient_compatibility"	"x"	"feasible_indicator"	"Inf -> positive"	"PASS"															"TRUE"	"quasi_complete"			"s0a3-0170"
"gate"	"objective-rays"	"mu_quasi"	"drmTMB_compiled"	"parameter_mapping"		"all_true"	"length=TRUE;free_names=TRUE;coefficient_names=TRUE;par_list_values=TRUE"	"PASS"																			"s0a3-0171"
"objective"	"objective-rays"	"mu_quasi"	"drmTMB_compiled_vs_direct"	"objective_delta"		"<=1e-8"	"0"	"PASS"					"quasi"	"0"	"2.7725887222397811"	"2.7725887222397811"	"0"	"0"									"s0a3-0172"
"objective"	"objective-rays"	"mu_quasi"	"drmTMB_compiled_vs_direct"	"objective_delta"		"<=1e-8"	"0"	"PASS"					"quasi"	"0.5"	"2.3344483294801037"	"2.3344483294801037"	"-0.43814039275967742"	"-0.43814039275967742"									"s0a3-0173"
"objective"	"objective-rays"	"mu_quasi"	"drmTMB_compiled_vs_direct"	"objective_delta"		"<=1e-8"	"0.00000000000000044408920985006262"	"PASS"					"quasi"	"1"	" 2.012817736156336"	"2.0128177361563364"	"-0.75977098608344518"	"-0.75977098608344473"									"s0a3-0174"
"objective"	"objective-rays"	"mu_quasi"	"drmTMB_compiled_vs_direct"	"objective_delta"		"<=1e-8"	"0.00000000000000022204460492503131"	"PASS"					"quasi"	"2"	"1.6401503832058357"	"1.6401503832058355"	"-1.1324383390339454"	"-1.1324383390339456"									"s0a3-0175"
"objective"	"objective-rays"	"mu_quasi"	"drmTMB_compiled_vs_direct"	"objective_delta"		"<=1e-8"	"0"	"PASS"					"quasi"	"4"	"1.4225942169555099"	"1.4225942169555099"	"-1.3499945052842712"	"-1.3499945052842712"									"s0a3-0176"
"objective"	"objective-rays"	"mu_quasi"	"drmTMB_compiled_vs_direct"	"objective_delta"		"<=1e-8"	"0"	"PASS"					"quasi"	"8"	"1.3869651738656821"	"1.3869651738656821"	"-1.3856235483740991"	"-1.3856235483740991"									"s0a3-0177"
"objective"	"objective-rays"	"mu_quasi"	"drmTMB_compiled_vs_direct"	"objective_delta"		"<=1e-8"	"0.00000000000000022204460492503131"	"PASS"					"quasi"	"16"	"1.3862945861902276"	"1.3862945861902274"	"-1.3862941360495535"	"-1.3862941360495538"									"s0a3-0178"
"gate"	"objective-rays"	"mu_quasi"	"drmTMB_compiled_vs_direct"	"ray_verdict"		"non_worsening_and_strict"	"max_compiled_step=-0.00067058767545469244; max_direct_step=-0.0006705876754544704; compiled_improvement=1.3862941360495538; direct_improvement=1.3862941360495535"	"PASS"					"quasi"														"s0a3-0179"
"gate"	"binomial-core"	"mu_intercept_all_success"	"base_qr"	"design_rank"		"full_rank"	"full_rank"	"PASS"	"rank=1; p=1"										"4"	"1"	"4"	"4"					"s0a3-0180"
"fit"	"binomial-core"	"mu_intercept_all_success"	"drmTMB_ML"	"coefficient"	"(Intercept)"		"23.566068337333984"	"RECORDED"	"convergence=0; message=X-convergence (3); objective=0.00000000023304862893978801; max_gradient=0.00000000023304862893299908; pdHess=TRUE"										"4"	"1"	"4"	"4"					"s0a3-0181"
"fit"	"binomial-core"	"mu_intercept_all_success"	"glm"	"coefficient"	"(Intercept)"		"23.566068337100937"	"RECORDED"	"converged=TRUE; deviance=0.00000000046609827107665376"										"4"	"1"	"4"	"4"					"s0a3-0182"
"fit"	"binomial-core"	"mu_intercept_all_success"	"brglm2_mean_bias_reduction"	"coefficient"	"(Intercept)"		"2.1972245926317937"	"RECORDED"	"converged=TRUE; deviance=0.84288411302615096"										"4"	"1"	"4"	"4"					"s0a3-0183"
"oracle"	"binomial-core"	"mu_intercept_all_success"	"ROI_lpsolve_cone"	"improving_cone"		"feasible"	"feasible"	"PASS"	"solution=(Intercept)=              0.25; B_source=1,2,3,4; E_source=; max_abs_colsums=                 4; tau_B=0.00000001; tau_E=0.00000001; tau_c=0.00000001; certificate_resid_D=NA; certificate_min_u=NA; certificate_tau_D=NA; message=1 | list(0.25) | list(c(1, 0, 0, 0, 0, 0, 0)) | list(objfrom = 0, objtill = 1e+30) | list(duals = c(0, 0, 0, 0, 0, 0), dualsfrom = c(-1e+30, -1e+30, -1e+30, -1e+30, 0, -1e+30), dualstill = c(1e+30, 1e+30, 1e+30, 1e+30, 1e+30, 1e+30)) | 1 | 0"	"0"	"0"	"0"							"4"	"1"							"s0a3-0184"
"oracle"	"binomial-core"	"mu_intercept_all_success"	"ROI_lpsolve_strict_margin"	"separation_class"		"complete"	"complete"	"PASS"	"delta=                 1; solution=                 1,0,                 1; message=1 | list(c(1, 0, 1)) | list(c(1, -1, 0, 0, 0, 1, 0, -2, 0)) | list(objfrom = c(-1, -1e+30, 0), objtill = c(1e+30, 2, 1e+30)) | list(duals = c(-1, 0, 0, 0, 1, 0, -2, 0), dualsfrom = c(0, -1e+30, -1e+30, -1e+30, 0, -1e+30, -1e+30, -1e+30), dualstill = c(1, 1e+30, 1e+30, 1e+30, 1e+30, 1e+30, 0.5, 1e+30)) | 2 | 0"	"0"	"                 1"	"0"															"s0a3-0185"
"oracle"	"binomial-core"	"mu_intercept_all_success"	"ROI_lpsolve_cone"	"sign_negative"	"(Intercept)"	"unresolved"	"unresolved"	"PASS"	"solution=(Intercept)=                NA; message=0 | list(NA) | list(c(NA, NA, NA, NA, NA, NA))"	"1"																	"s0a3-0186"
"oracle"	"binomial-core"	"mu_intercept_all_success"	"ROI_lpsolve_cone"	"sign_zero"	"(Intercept)"	"unresolved"	"unresolved"	"PASS"	"solution=(Intercept)=                NA; message=0 | list(NA) | list(c(NA, NA, NA, NA, NA, NA))"	"1"																	"s0a3-0187"
"oracle"	"binomial-core"	"mu_intercept_all_success"	"ROI_lpsolve_cone"	"sign_positive"	"(Intercept)"	"feasible"	"feasible"	"PASS"	"solution=(Intercept)=                 1; message=1 | list(1) | list(c(1, 0, 0, 0, 0, 0, 0, 0)) | list(objfrom = 0, objtill = 1e+30) | list(duals = c(0, 0, 0, 0, 0, 0, 0), dualsfrom = c(-1e+30, -1e+30, -1e+30, -1e+30, -1e+30, 0.25, -1e+30), dualstill = c(1e+30, 1e+30, 1e+30, 1e+30, 1e+30, 1e+30, 1e+30)) | 2 | 0"	"0"	"0"	"0"															"s0a3-0188"
"oracle"	"binomial-core"	"mu_intercept_all_success"	"ROI_lpsolve_cone"	"coefficient_sign_feasibility"	"(Intercept)"	"negative=FALSE;zero=FALSE;positive=TRUE"	"negative=FALSE;zero=FALSE;positive=TRUE"	"PASS"																			"s0a3-0189"
"detector"	"binomial-core"	"mu_intercept_all_success"	"detectseparation"	"separation_class"		"complete"	"complete"	"PASS"															"TRUE"	"complete"			"s0a3-0190"
"detector"	"binomial-core"	"mu_intercept_all_success"	"detectseparation"	"coefficient_compatibility"	"(Intercept)"	"feasible_indicator"	"Inf -> positive"	"PASS"															"TRUE"	"complete"			"s0a3-0191"
"gate"	"objective-rays"	"mu_intercept_all_success"	"drmTMB_compiled"	"parameter_mapping"		"all_true"	"length=TRUE;free_names=TRUE;coefficient_names=TRUE;par_list_values=TRUE"	"PASS"																			"s0a3-0192"
"objective"	"objective-rays"	"mu_intercept_all_success"	"drmTMB_compiled_vs_direct"	"objective_delta"		"<=1e-8"	"0"	"PASS"					"all_success"	"0"	"2.7725887222397811"	"2.7725887222397811"	"0"	"0"									"s0a3-0193"
"objective"	"objective-rays"	"mu_intercept_all_success"	"drmTMB_compiled_vs_direct"	"objective_delta"		"<=1e-8"	"0.00000000000000022204460492503131"	"PASS"					"all_success"	"0.5"	"1.8963079367204265"	"1.8963079367204267"	"-0.87628078551935462"	"-0.8762807855193544"									"s0a3-0194"
"objective"	"objective-rays"	"mu_intercept_all_success"	"drmTMB_compiled_vs_direct"	"objective_delta"		"<=1e-8"	"0.00000000000000022204460492503131"	"PASS"					"all_success"	"1"	"1.2530467500728912"	"1.2530467500728915"	"-1.5195419721668899"	"-1.5195419721668897"									"s0a3-0195"
"objective"	"objective-rays"	"mu_intercept_all_success"	"drmTMB_compiled_vs_direct"	"objective_delta"		"<=1e-8"	"0.00000000000000044408920985006262"	"PASS"					"all_success"	"2"	"0.50771204417189053"	"0.50771204417188998"	"-2.2648766780678908"	"-2.2648766780678913"									"s0a3-0196"
"objective"	"objective-rays"	"mu_intercept_all_success"	"drmTMB_compiled_vs_direct"	"objective_delta"		"<=1e-8"	"0"	"PASS"					"all_success"	"4"	"0.072599711671238923"	"0.072599711671238951"	"-2.699989010568542"	"-2.699989010568542"									"s0a3-0197"
"objective"	"objective-rays"	"mu_intercept_all_success"	"drmTMB_compiled_vs_direct"	"objective_delta"		"<=1e-8"	"0.00000000000000044408920985006262"	"PASS"					"all_success"	"8"	"0.0013416254915826506"	"0.0013416254915830754"	"-2.7712470967481986"	"-2.7712470967481981"									"s0a3-0198"
"objective"	"objective-rays"	"mu_intercept_all_success"	"drmTMB_compiled_vs_direct"	"objective_delta"		"<=1e-8"	"0"	"PASS"					"all_success"	"16"	"0.00000045014067363983067"	"0.00000045014067354870729"	"-2.7725882720991075"	"-2.7725882720991075"									"s0a3-0199"
"gate"	"objective-rays"	"mu_intercept_all_success"	"drmTMB_compiled_vs_direct"	"ray_verdict"		"non_worsening_and_strict"	"max_compiled_step=-0.0013411753509095267; max_direct_step=-0.0013411753509090108; compiled_improvement=2.7725882720991075; direct_improvement=2.7725882720991075"	"PASS"					"all_success"														"s0a3-0200"
"gate"	"binomial-core"	"mu_intercept_all_failure"	"base_qr"	"design_rank"		"full_rank"	"full_rank"	"PASS"	"rank=1; p=1"										"4"	"1"	"4"	"4"					"s0a3-0201"
"fit"	"binomial-core"	"mu_intercept_all_failure"	"drmTMB_ML"	"coefficient"	"(Intercept)"		"-23.566068523683789"	"RECORDED"	"convergence=0; message=X-convergence (3); objective=0.00000000023304858551122558; max_gradient=0.0000000002330485855044366; pdHess=TRUE"										"4"	"1"	"4"	"4"					"s0a3-0202"
"fit"	"binomial-core"	"mu_intercept_all_failure"	"glm"	"coefficient"	"(Intercept)"		"-23.566068523450742"	"RECORDED"	"converged=TRUE; deviance=0.00000000046609827107665376"										"4"	"1"	"4"	"4"					"s0a3-0203"
"fit"	"binomial-core"	"mu_intercept_all_failure"	"brglm2_mean_bias_reduction"	"coefficient"	"(Intercept)"		"-2.1972245926317937"	"RECORDED"	"converged=TRUE; deviance=0.84288411302615096"										"4"	"1"	"4"	"4"					"s0a3-0204"
"oracle"	"binomial-core"	"mu_intercept_all_failure"	"ROI_lpsolve_cone"	"improving_cone"		"feasible"	"feasible"	"PASS"	"solution=(Intercept)=             -0.25; B_source=1,2,3,4; E_source=; max_abs_colsums=                 4; tau_B=0.00000001; tau_E=0.00000001; tau_c=0.00000001; certificate_resid_D=NA; certificate_min_u=NA; certificate_tau_D=NA; message=1 | list(-0.25) | list(c(1, 0, 0, 0, 0, 0, 0)) | list(objfrom = 0, objtill = 1e+30) | list(duals = c(0, 0, 0, 0, 0, 0), dualsfrom = c(-1e+30, -1e+30, -1e+30, -1e+30, 0, -1e+30), dualstill = c(1e+30, 1e+30, 1e+30, 1e+30, 1e+30, 1e+30)) | 1 | 0"	"0"	"0"	"0"							"4"	"1"							"s0a3-0205"
"oracle"	"binomial-core"	"mu_intercept_all_failure"	"ROI_lpsolve_strict_margin"	"separation_class"		"complete"	"complete"	"PASS"	"delta=                 1; solution=0,                 1,                 1; message=1 | list(c(0, 1, 1)) | list(c(1, -1, 0, 0, 0, 1, -2, 0, 0)) | list(objfrom = c(-1e+30, -1, 0), objtill = c(2, 1e+30, 1e+30)) | list(duals = c(-1, 0, 0, 0, 1, -2, 0, 0), dualsfrom = c(0, -1e+30, -1e+30, -1e+30, 0, -1e+30, -1e+30, -1e+30), dualstill = c(1, 1e+30, 1e+30, 1e+30, 1e+30, 0.5, 1e+30, 1e+30)) | 2 | 0"	"0"	"                 1"	"0"															"s0a3-0206"
"oracle"	"binomial-core"	"mu_intercept_all_failure"	"ROI_lpsolve_cone"	"sign_negative"	"(Intercept)"	"feasible"	"feasible"	"PASS"	"solution=(Intercept)=                -1; message=1 | list(-1) | list(c(1, 0, 0, 0, 0, 0, 0, 0)) | list(objfrom = 0, objtill = 1e+30) | list(duals = c(0, 0, 0, 0, 0, 0, 0), dualsfrom = c(-1e+30, -1e+30, -1e+30, -1e+30, -1e+30, -1e+30, -1e+30), dualstill = c(1e+30, 1e+30, 1e+30, 1e+30, 1e+30, -0.25, 1e+30)) | 2 | 0"	"0"	"0"	"0"															"s0a3-0207"
"oracle"	"binomial-core"	"mu_intercept_all_failure"	"ROI_lpsolve_cone"	"sign_zero"	"(Intercept)"	"unresolved"	"unresolved"	"PASS"	"solution=(Intercept)=                NA; message=0 | list(NA) | list(c(NA, NA, NA, NA, NA, NA))"	"1"																	"s0a3-0208"
"oracle"	"binomial-core"	"mu_intercept_all_failure"	"ROI_lpsolve_cone"	"sign_positive"	"(Intercept)"	"unresolved"	"unresolved"	"PASS"	"solution=(Intercept)=                NA; message=0 | list(NA) | list(c(NA, NA, NA, NA, NA, NA))"	"1"																	"s0a3-0209"
"oracle"	"binomial-core"	"mu_intercept_all_failure"	"ROI_lpsolve_cone"	"coefficient_sign_feasibility"	"(Intercept)"	"negative=TRUE;zero=FALSE;positive=FALSE"	"negative=TRUE;zero=FALSE;positive=FALSE"	"PASS"																			"s0a3-0210"
"detector"	"binomial-core"	"mu_intercept_all_failure"	"detectseparation"	"separation_class"		"complete"	"complete"	"PASS"															"TRUE"	"complete"			"s0a3-0211"
"detector"	"binomial-core"	"mu_intercept_all_failure"	"detectseparation"	"coefficient_compatibility"	"(Intercept)"	"feasible_indicator"	"-Inf -> negative"	"PASS"															"TRUE"	"complete"			"s0a3-0212"
"gate"	"objective-rays"	"mu_intercept_all_failure"	"drmTMB_compiled"	"parameter_mapping"		"all_true"	"length=TRUE;free_names=TRUE;coefficient_names=TRUE;par_list_values=TRUE"	"PASS"																			"s0a3-0213"
"objective"	"objective-rays"	"mu_intercept_all_failure"	"drmTMB_compiled_vs_direct"	"objective_delta"		"<=1e-8"	"0"	"PASS"					"all_failure"	"0"	"2.7725887222397811"	"2.7725887222397811"	"0"	"0"									"s0a3-0214"
"objective"	"objective-rays"	"mu_intercept_all_failure"	"drmTMB_compiled_vs_direct"	"objective_delta"		"<=1e-8"	"0.00000000000000022204460492503131"	"PASS"					"all_failure"	"0.5"	"1.8963079367204265"	"1.8963079367204267"	"-0.87628078551935462"	"-0.8762807855193544"									"s0a3-0215"
"objective"	"objective-rays"	"mu_intercept_all_failure"	"drmTMB_compiled_vs_direct"	"objective_delta"		"<=1e-8"	"0.00000000000000022204460492503131"	"PASS"					"all_failure"	"1"	"1.2530467500728912"	"1.2530467500728915"	"-1.5195419721668899"	"-1.5195419721668897"									"s0a3-0216"
"objective"	"objective-rays"	"mu_intercept_all_failure"	"drmTMB_compiled_vs_direct"	"objective_delta"		"<=1e-8"	"0"	"PASS"					"all_failure"	"2"	"0.50771204417188998"	"0.50771204417188998"	"-2.2648766780678913"	"-2.2648766780678913"									"s0a3-0217"
"objective"	"objective-rays"	"mu_intercept_all_failure"	"drmTMB_compiled_vs_direct"	"objective_delta"		"<=1e-8"	"0"	"PASS"					"all_failure"	"4"	"0.072599711671238965"	"0.072599711671238951"	"-2.699989010568542"	"-2.699989010568542"									"s0a3-0218"
"objective"	"objective-rays"	"mu_intercept_all_failure"	"drmTMB_compiled_vs_direct"	"objective_delta"		"<=1e-8"	"0"	"PASS"					"all_failure"	"8"	"0.0013416254915830754"	"0.0013416254915830754"	"-2.7712470967481981"	"-2.7712470967481981"									"s0a3-0219"
"objective"	"objective-rays"	"mu_intercept_all_failure"	"drmTMB_compiled_vs_direct"	"objective_delta"		"<=1e-8"	"0"	"PASS"					"all_failure"	"16"	"0.00000045014067354870729"	"0.00000045014067354870729"	"-2.7725882720991075"	"-2.7725882720991075"									"s0a3-0220"
"gate"	"objective-rays"	"mu_intercept_all_failure"	"drmTMB_compiled_vs_direct"	"ray_verdict"		"non_worsening_and_strict"	"max_compiled_step=-0.0013411753509095267; max_direct_step=-0.0013411753509095267; compiled_improvement=2.7725882720991075; direct_improvement=2.7725882720991075"	"PASS"					"all_failure"														"s0a3-0221"
"gate"	"binomial-core"	"mu_quasi_expanded"	"base_qr"	"design_rank"		"full_rank"	"full_rank"	"PASS"	"rank=2; p=2"										"6"	"2"	"6"	"6"					"s0a3-0222"
"fit"	"binomial-core"	"mu_quasi_expanded"	"drmTMB_ML"	"coefficient"	"(Intercept)"		"0.00000000000000030610427223538371"	"RECORDED"	"convergence=0; message=both X-convergence and relative convergence (5); objective=1.3862943658007967; max_gradient=0.0000000046809059389983478; pdHess=TRUE"										"6"	"2"	"6"	"6"					"s0a3-0223"
"fit"	"binomial-core"	"mu_quasi_expanded"	"drmTMB_ML"	"coefficient"	"x"		"20.566068528991025"	"RECORDED"	"convergence=0; message=both X-convergence and relative convergence (5); objective=1.3862943658007967; max_gradient=0.0000000046809059389983478; pdHess=TRUE"										"6"	"2"	"6"	"6"					"s0a3-0224"
"fit"	"binomial-core"	"mu_quasi_expanded"	"glm"	"coefficient"	"(Intercept)"		"0.00000000000000030610427223538371"	"RECORDED"	"converged=TRUE; deviance=2.7725887316015938"										"6"	"2"	"6"	"6"					"s0a3-0225"
"fit"	"binomial-core"	"mu_quasi_expanded"	"glm"	"coefficient"	"x"		"20.566068528991025"	"RECORDED"	"converged=TRUE; deviance=2.7725887316015938"										"6"	"2"	"6"	"6"					"s0a3-0226"
"fit"	"binomial-core"	"mu_quasi_expanded"	"brglm2_mean_bias_reduction"	"coefficient"	"(Intercept)"		"-0.00000000000000048385453117239555"	"RECORDED"	"converged=TRUE; deviance=3.9352250041941788"										"6"	"2"	"6"	"6"					"s0a3-0227"
"fit"	"binomial-core"	"mu_quasi_expanded"	"brglm2_mean_bias_reduction"	"coefficient"	"x"		"1.8552068174230716"	"RECORDED"	"converged=TRUE; deviance=3.9352250041941788"										"6"	"2"	"6"	"6"					"s0a3-0228"
"oracle"	"binomial-core"	"mu_quasi_expanded"	"ROI_lpsolve_cone"	"improving_cone"		"feasible"	"feasible"	"PASS"	"solution=(Intercept)=0;x=              0.25; B_source=1,2,3,4,5,6; E_source=; max_abs_colsums=                 4; tau_B=0.00000001; tau_E=0.00000001; tau_c=0.00000001; certificate_resid_D=NA; certificate_min_u=NA; certificate_tau_D=NA; message=1 | list(c(0, 0.25)) | list(c(1, 0, 0, 0, 0, 0, 0, 0, 0, 0)) | list(objfrom = c(0, 0), objtill = c(1e+30, 1e+30)) | list(duals = c(0, 0, 0, 0, 0, 0, 0, 0, 0), dualsfrom = c(-1e+30, -1e+30, -1e+30, -1e+30, -1e+30, -1e+30, 0, 0, -1e+30), dualstill = c(1e+30, 1e+30, 1e+30, 1e+30, 1e+30, 1e+30, 1e+30, 0, 1e+30)) | 1 | 0"	"0"	"0"	"0"							"6"	"2"							"s0a3-0229"
"oracle"	"binomial-core"	"mu_quasi_expanded"	"ROI_lpsolve_strict_margin"	"separation_class"		"quasi_complete"	"quasi_complete"	"PASS"	"delta=0; solution=0,0,0,0,0; message=1 | list(c(0, 0, 0, 0, 0)) | list(c(1, 0, 0, -0.5, -0.5, 0, 0, 0, 0, 0, 0, 0, 0)) | list(objfrom = c(-1e+30, -1e+30, -1e+30, -1e+30, -1e+30), objtill = c(0, 0, 0, 0, 1e+30)) | list(duals = c(0, 0, -0.5, -0.5, 0, 0, 0, 0, 0, 0, 0, 0), dualsfrom = c(0, -1e+30, 0, 0, -1e+30, -1e+30, -1e+30, 0, -1e+30, -1e+30, 0, -1e+30), dualstill = c(1, 1e+30, 0, 0, 1e+30, 1e+30, 1e+30, 0.5, 1e+30, 1e+30, 0.5, 1e+30)) | 3 | 0"	"0"	"0"	"0"															"s0a3-0230"
"oracle"	"binomial-core"	"mu_quasi_expanded"	"ROI_lpsolve_cone"	"sign_negative"	"(Intercept)"	"unresolved"	"unresolved"	"PASS"	"solution=(Intercept)=                NA;x=                NA; message=0 | list(c(NA, NA)) | list(c(NA, NA, NA, NA, NA, NA, NA, NA))"	"1"																	"s0a3-0231"
"oracle"	"binomial-core"	"mu_quasi_expanded"	"ROI_lpsolve_cone"	"sign_zero"	"(Intercept)"	"feasible"	"feasible"	"PASS"	"solution=(Intercept)=0;x=              0.25; message=1 | list(c(0, 0.25)) | list(c(1, 0, 0, 0, 0, 0, 0, 0, 0, 0, 0)) | list(objfrom = c(0, 0), objtill = c(1e+30, 1e+30)) | list(duals = c(0, 0, 0, 0, 0, 0, 0, 0, 0, 0), dualsfrom = c(-1e+30, -1e+30, -1e+30, -1e+30, -1e+30, -1e+30, 0, -1e+30, 0, -1e+30), dualstill = c(1e+30, 1e+30, 1e+30, 1e+30, 1e+30, 1e+30, 1e+30, 1e+30, 0, 1e+30)) | 1 | 0"	"0"	"0"	"0"															"s0a3-0232"
"oracle"	"binomial-core"	"mu_quasi_expanded"	"ROI_lpsolve_cone"	"sign_positive"	"(Intercept)"	"unresolved"	"unresolved"	"PASS"	"solution=(Intercept)=                NA;x=                NA; message=0 | list(c(NA, NA)) | list(c(NA, NA, NA, NA, NA, NA, NA, NA))"	"1"																	"s0a3-0233"
"oracle"	"binomial-core"	"mu_quasi_expanded"	"ROI_lpsolve_cone"	"coefficient_sign_feasibility"	"(Intercept)"	"negative=FALSE;zero=TRUE;positive=FALSE"	"negative=FALSE;zero=TRUE;positive=FALSE"	"PASS"																			"s0a3-0234"
"oracle"	"binomial-core"	"mu_quasi_expanded"	"ROI_lpsolve_cone"	"sign_negative"	"x"	"unresolved"	"unresolved"	"PASS"	"solution=(Intercept)=                NA;x=                NA; message=0 | list(c(NA, NA)) | list(c(NA, NA, NA, NA, NA, NA, NA, NA))"	"1"																	"s0a3-0235"
"oracle"	"binomial-core"	"mu_quasi_expanded"	"ROI_lpsolve_cone"	"sign_zero"	"x"	"unresolved"	"unresolved"	"PASS"	"solution=(Intercept)=                NA;x=                NA; message=0 | list(c(NA, NA)) | list(c(NA, NA, NA, NA, NA, NA, NA, NA))"	"1"																	"s0a3-0236"
"oracle"	"binomial-core"	"mu_quasi_expanded"	"ROI_lpsolve_cone"	"sign_positive"	"x"	"feasible"	"feasible"	"PASS"	"solution=(Intercept)=0;x=                 1; message=1 | list(c(0, 1)) | list(c(1, 0, 0, 0, 0, 0, 0, 0, 0, 0, 0)) | list(objfrom = c(0, 0), objtill = c(1e+30, 1e+30)) | list(duals = c(0, 0, 0, 0, 0, 0, 0, 0, 0, 0), dualsfrom = c(-1e+30, -1e+30, -1e+30, -1e+30, -1e+30, -1e+30, -1e+30, 0.25, 0, -1e+30), dualstill = c(1e+30, 1e+30, 1e+30, 1e+30, 1e+30, 1e+30, 1e+30, 1e+30, 0, 1e+30)) | 2 | 0"	"0"	"0"	"0"															"s0a3-0237"
"oracle"	"binomial-core"	"mu_quasi_expanded"	"ROI_lpsolve_cone"	"coefficient_sign_feasibility"	"x"	"negative=FALSE;zero=FALSE;positive=TRUE"	"negative=FALSE;zero=FALSE;positive=TRUE"	"PASS"																			"s0a3-0238"
"detector"	"binomial-core"	"mu_quasi_expanded"	"detectseparation"	"separation_class"		"quasi_complete"	"quasi_complete"	"PASS"															"TRUE"	"quasi_complete"			"s0a3-0239"
"detector"	"binomial-core"	"mu_quasi_expanded"	"detectseparation"	"coefficient_compatibility"	"(Intercept)"	"feasible_indicator"	"0 -> zero"	"PASS"															"TRUE"	"quasi_complete"			"s0a3-0240"
"detector"	"binomial-core"	"mu_quasi_expanded"	"detectseparation"	"coefficient_compatibility"	"x"	"feasible_indicator"	"Inf -> positive"	"PASS"															"TRUE"	"quasi_complete"			"s0a3-0241"
"gate"	"objective-rays"	"mu_quasi_expanded"	"drmTMB_compiled"	"parameter_mapping"		"all_true"	"length=TRUE;free_names=TRUE;coefficient_names=TRUE;par_list_values=TRUE"	"PASS"																			"s0a3-0242"
"objective"	"objective-rays"	"mu_quasi_expanded"	"drmTMB_compiled_vs_direct"	"objective_delta"		"<=1e-8"	"0"	"PASS"					"quasi_expanded"	"0"	"4.1588830833596715"	"4.1588830833596715"	"0"	"0"									"s0a3-0243"
"objective"	"objective-rays"	"mu_quasi_expanded"	"drmTMB_compiled_vs_direct"	"objective_delta"		"<=1e-8"	"0.00000000000000088817841970012523"	"PASS"					"quasi_expanded"	"0.5"	"3.2826022978403167"	"3.2826022978403175"	"-0.87628078551935484"	"-0.87628078551935396"									"s0a3-0244"
"objective"	"objective-rays"	"mu_quasi_expanded"	"drmTMB_compiled_vs_direct"	"objective_delta"		"<=1e-8"	"0.00000000000000044408920985006262"	"PASS"					"quasi_expanded"	"1"	" 2.639341111192782"	"2.6393411111927825"	"-1.5195419721668895"	"-1.519541972166889"									"s0a3-0245"
"objective"	"objective-rays"	"mu_quasi_expanded"	"drmTMB_compiled_vs_direct"	"objective_delta"		"<=1e-8"	"0.00000000000000044408920985006262"	"PASS"					"quasi_expanded"	"2"	"1.8940064052917811"	"1.8940064052917807"	"-2.2648766780678904"	"-2.2648766780678908"									"s0a3-0246"
"objective"	"objective-rays"	"mu_quasi_expanded"	"drmTMB_compiled_vs_direct"	"objective_delta"		"<=1e-8"	"0"	"PASS"					"quasi_expanded"	"4"	"1.4588940727911295"	"1.4588940727911295"	"-2.699989010568542"	"-2.699989010568542"									"s0a3-0247"
"objective"	"objective-rays"	"mu_quasi_expanded"	"drmTMB_compiled_vs_direct"	"objective_delta"		"<=1e-8"	"0"	"PASS"					"quasi_expanded"	"8"	"1.3876359866114736"	"1.3876359866114736"	"-2.7712470967481977"	"-2.7712470967481977"									"s0a3-0248"
"objective"	"objective-rays"	"mu_quasi_expanded"	"drmTMB_compiled_vs_direct"	"objective_delta"		"<=1e-8"	"0.00000000000000044408920985006262"	"PASS"					"quasi_expanded"	"16"	"1.3862948112605644"	" 1.386294811260564"	"-2.7725882720991071"	"-2.7725882720991075"									"s0a3-0249"
"gate"	"objective-rays"	"mu_quasi_expanded"	"drmTMB_compiled_vs_direct"	"ray_verdict"		"non_worsening_and_strict"	"max_compiled_step=-0.0013411753509096069; max_direct_step=-0.0013411753509091628; compiled_improvement=2.7725882720991075; direct_improvement=2.7725882720991071"	"PASS"					"quasi_expanded"														"s0a3-0250"
"gate"	"binomial-core"	"mu_quasi_grouped"	"base_qr"	"design_rank"		"full_rank"	"full_rank"	"PASS"	"rank=2; p=2"										"3"	"2"	"6"	"3"					"s0a3-0251"
"fit"	"binomial-core"	"mu_quasi_grouped"	"drmTMB_ML"	"coefficient"	"(Intercept)"		"-0.000000000000000022139477797021177"	"RECORDED"	"convergence=0; message=relative convergence (4); objective=0.69314718072643255; max_gradient=0.00000000016648736387776066; pdHess=TRUE"										"3"	"2"	"6"	"3"					"s0a3-0252"
"fit"	"binomial-core"	"mu_quasi_grouped"	"drmTMB_ML"	"coefficient"	"x"		"23.902396063092372"	"RECORDED"	"convergence=0; message=relative convergence (4); objective=0.69314718072643255; max_gradient=0.00000000016648736387776066; pdHess=TRUE"										"3"	"2"	"6"	"3"					"s0a3-0253"
"fit"	"binomial-core"	"mu_quasi_grouped"	"glm"	"coefficient"	"(Intercept)"		"-0.000000000000000085417015456453678"	"RECORDED"	"converged=TRUE; deviance=0.0000000003329749809141785"										"3"	"2"	"6"	"3"					"s0a3-0254"
"fit"	"binomial-core"	"mu_quasi_grouped"	"glm"	"coefficient"	"x"		"23.902396062925884"	"RECORDED"	"converged=TRUE; deviance=0.0000000003329749809141785"										"3"	"2"	"6"	"3"					"s0a3-0255"
"fit"	"binomial-core"	"mu_quasi_grouped"	"brglm2_mean_bias_reduction"	"coefficient"	"(Intercept)"		"0.0000000000000002349349808784647"	"RECORDED"	"converged=TRUE; deviance= 1.162636281954389"										"3"	"2"	"6"	"3"					"s0a3-0256"
"fit"	"binomial-core"	"mu_quasi_grouped"	"brglm2_mean_bias_reduction"	"coefficient"	"x"		"1.8552068174230791"	"RECORDED"	"converged=TRUE; deviance= 1.162636281954389"										"3"	"2"	"6"	"3"					"s0a3-0257"
"oracle"	"binomial-core"	"mu_quasi_grouped"	"ROI_lpsolve_cone"	"improving_cone"		"feasible"	"feasible"	"PASS"	"solution=(Intercept)=0;x=               0.5; B_source=1,3; E_source=2; max_abs_colsums=                 2; tau_B=0.00000001; tau_E=0.00000001; tau_c=0.00000001; certificate_resid_D=NA; certificate_min_u=NA; certificate_tau_D=NA; message=1 | list(c(0, 0.5)) | list(c(1, 0, 0, 0, 0, 0, 0)) | list(objfrom = c(0, 0), objtill = c(1e+30, 1e+30)) | list(duals = c(0, 0, 0, 0, 0, 0), dualsfrom = c(-1e+30, -1e+30, -1e+30, 0, 0, -1e+30), dualstill = c(1e+30, 1e+30, 1e+30, 1e+30, 0, 1e+30)) | 1 | 0"	"0"	"0"	"0"							"3"	"2"							"s0a3-0258"
"oracle"	"binomial-core"	"mu_quasi_grouped"	"ROI_lpsolve_strict_margin"	"separation_class"		"quasi_complete"	"quasi_complete"	"PASS"	"delta=0; solution=0,0,0,0,0; message=1 | list(c(0, 0, 0, 0, 0)) | list(c(1, 0, 0, -0.5, -0.5, 0, 0, 0, 0, 0, 0, 0, 0)) | list(objfrom = c(-1e+30, -1e+30, -1e+30, -1e+30, -1e+30), objtill = c(0, 0, 0, 0, 1e+30)) | list(duals = c(0, 0, -0.5, -0.5, 0, 0, 0, 0, 0, 0, 0, 0), dualsfrom = c(0, -1e+30, 0, 0, -1e+30, -1e+30, -1e+30, 0, -1e+30, -1e+30, 0, -1e+30), dualstill = c(1, 1e+30, 0, 0, 1e+30, 1e+30, 1e+30, 0.5, 1e+30, 1e+30, 0.5, 1e+30)) | 3 | 0"	"0"	"0"	"0"															"s0a3-0259"
"oracle"	"binomial-core"	"mu_quasi_grouped"	"ROI_lpsolve_cone"	"sign_negative"	"(Intercept)"	"unresolved"	"unresolved"	"PASS"	"solution=(Intercept)=                NA;x=                NA; message=0 | list(c(NA, NA)) | list(c(NA, NA, NA, NA, NA))"	"1"																	"s0a3-0260"
"oracle"	"binomial-core"	"mu_quasi_grouped"	"ROI_lpsolve_cone"	"sign_zero"	"(Intercept)"	"feasible"	"feasible"	"PASS"	"solution=(Intercept)=0;x=               0.5; message=1 | list(c(0, 0.5)) | list(c(1, 0, 0, 0, 0, 0, 0, 0)) | list(objfrom = c(0, 0), objtill = c(1e+30, 1e+30)) | list(duals = c(0, 0, 0, 0, 0, 0, 0), dualsfrom = c(-1e+30, -1e+30, -1e+30, 0, -1e+30, 0, -1e+30), dualstill = c(1e+30, 1e+30, 1e+30, 1e+30, 1e+30, 0, 1e+30)) | 1 | 0"	"0"	"0"	"0"															"s0a3-0261"
"oracle"	"binomial-core"	"mu_quasi_grouped"	"ROI_lpsolve_cone"	"sign_positive"	"(Intercept)"	"unresolved"	"unresolved"	"PASS"	"solution=(Intercept)=                NA;x=                NA; message=0 | list(c(NA, NA)) | list(c(NA, NA, NA, NA, NA))"	"1"																	"s0a3-0262"
"oracle"	"binomial-core"	"mu_quasi_grouped"	"ROI_lpsolve_cone"	"coefficient_sign_feasibility"	"(Intercept)"	"negative=FALSE;zero=TRUE;positive=FALSE"	"negative=FALSE;zero=TRUE;positive=FALSE"	"PASS"																			"s0a3-0263"
"oracle"	"binomial-core"	"mu_quasi_grouped"	"ROI_lpsolve_cone"	"sign_negative"	"x"	"unresolved"	"unresolved"	"PASS"	"solution=(Intercept)=                NA;x=                NA; message=0 | list(c(NA, NA)) | list(c(NA, NA, NA, NA, NA))"	"1"																	"s0a3-0264"
"oracle"	"binomial-core"	"mu_quasi_grouped"	"ROI_lpsolve_cone"	"sign_zero"	"x"	"unresolved"	"unresolved"	"PASS"	"solution=(Intercept)=                NA;x=                NA; message=0 | list(c(NA, NA)) | list(c(NA, NA, NA, NA, NA))"	"1"																	"s0a3-0265"
"oracle"	"binomial-core"	"mu_quasi_grouped"	"ROI_lpsolve_cone"	"sign_positive"	"x"	"feasible"	"feasible"	"PASS"	"solution=(Intercept)=0;x=                 1; message=1 | list(c(0, 1)) | list(c(1, 0, 0, 0, 0, 0, 0, 0)) | list(objfrom = c(0, 0), objtill = c(1e+30, 1e+30)) | list(duals = c(0, 0, 0, 0, 0, 0, 0), dualsfrom = c(-1e+30, -1e+30, -1e+30, -1e+30, 0.5, 0, -1e+30), dualstill = c(1e+30, 1e+30, 1e+30, 1e+30, 1e+30, 0, 1e+30)) | 2 | 0"	"0"	"0"	"0"															"s0a3-0266"
"oracle"	"binomial-core"	"mu_quasi_grouped"	"ROI_lpsolve_cone"	"coefficient_sign_feasibility"	"x"	"negative=FALSE;zero=FALSE;positive=TRUE"	"negative=FALSE;zero=FALSE;positive=TRUE"	"PASS"																			"s0a3-0267"
"detector"	"binomial-core"	"mu_quasi_grouped"	"detectseparation"	"separation_class"		"quasi_complete"	"quasi_complete"	"PASS"															"TRUE"	"quasi_complete"			"s0a3-0268"
"detector"	"binomial-core"	"mu_quasi_grouped"	"detectseparation"	"coefficient_compatibility"	"(Intercept)"	"feasible_indicator"	"0 -> zero"	"PASS"															"TRUE"	"quasi_complete"			"s0a3-0269"
"detector"	"binomial-core"	"mu_quasi_grouped"	"detectseparation"	"coefficient_compatibility"	"x"	"feasible_indicator"	"Inf -> positive"	"PASS"															"TRUE"	"quasi_complete"			"s0a3-0270"
"gate"	"objective-rays"	"mu_quasi_grouped"	"drmTMB_compiled"	"parameter_mapping"		"all_true"	"length=TRUE;free_names=TRUE;coefficient_names=TRUE;par_list_values=TRUE"	"PASS"																			"s0a3-0271"
"objective"	"objective-rays"	"mu_quasi_grouped"	"drmTMB_compiled_vs_direct"	"objective_delta"		"<=1e-8"	"0"	"PASS"					"quasi_grouped"	"0"	" 3.465735902799727"	"3.4657359027997261"	"0"	"0"									"s0a3-0272"
"objective"	"objective-rays"	"mu_quasi_grouped"	"drmTMB_compiled_vs_direct"	"objective_delta"		"<=1e-8"	"0.00000000000000088817841970012523"	"PASS"					"quasi_grouped"	"0.5"	"2.5894551172803721"	"2.5894551172803721"	"-0.87628078551935484"	"-0.87628078551935396"									"s0a3-0273"
"objective"	"objective-rays"	"mu_quasi_grouped"	"drmTMB_compiled_vs_direct"	"objective_delta"		"<=1e-8"	"0.00000000000000088817841970012523"	"PASS"					"quasi_grouped"	"1"	"1.9461939306328366"	"1.9461939306328366"	"-1.5195419721668904"	"-1.5195419721668895"									"s0a3-0274"
"objective"	"objective-rays"	"mu_quasi_grouped"	"drmTMB_compiled_vs_direct"	"objective_delta"		"<=1e-8"	"0.00000000000000044408920985006262"	"PASS"					"quasi_grouped"	"2"	"1.2008592247318357"	"1.2008592247318353"	"-2.2648766780678913"	"-2.2648766780678908"									"s0a3-0275"
"objective"	"objective-rays"	"mu_quasi_grouped"	"drmTMB_compiled_vs_direct"	"objective_delta"		"<=1e-8"	"0.00000000000000088817841970012523"	"PASS"					"quasi_grouped"	"4"	"0.76574689223118431"	"0.7657468922311842"	"-2.6999890105685429"	"-2.699989010568542"									"s0a3-0276"
"objective"	"objective-rays"	"mu_quasi_grouped"	"drmTMB_compiled_vs_direct"	"objective_delta"		"<=1e-8"	"0.00000000000000088817841970012523"	"PASS"					"quasi_grouped"	"8"	"0.69448880605152818"	"0.6944888060515283"	"-2.7712470967481986"	"-2.7712470967481977"									"s0a3-0277"
"objective"	"objective-rays"	"mu_quasi_grouped"	"drmTMB_compiled_vs_direct"	"objective_delta"		"<=1e-8"	"0.00000000000000088817841970012523"	"PASS"					"quasi_grouped"	"16"	"0.69314763070061902"	"0.69314763070061891"	"-2.772588272099108"	"-2.7725882720991071"									"s0a3-0278"
"gate"	"objective-rays"	"mu_quasi_grouped"	"drmTMB_compiled_vs_direct"	"ray_verdict"		"non_worsening_and_strict"	"max_compiled_step=-0.0013411753509093849; max_direct_step=-0.0013411753509091628; compiled_improvement=2.7725882720991071; direct_improvement= 2.772588272099108"	"PASS"					"quasi_grouped"														"s0a3-0279"
"gate"	"binomial-core"	"rank_deficient_control"	"base_qr"	"design_rank"		"rank_deficient"	"rank_deficient"	"PASS"	"rank=2; p=3"										"6"	"3"	"6"	"6"					"s0a3-0280"
"fit"	"binomial-core"	"rank_deficient_control"	"drmTMB_ML"	"coefficient"	"(Intercept)"		"0"	"RECORDED"	"convergence=0; message=both X-convergence and relative convergence (5); objective=4.1588830833596715; max_gradient=0; pdHess=FALSE"										"6"	"3"	"6"	"6"			"NaNs produced | NA"		"s0a3-0281"
"fit"	"binomial-core"	"rank_deficient_control"	"drmTMB_ML"	"coefficient"	"x"		"0"	"RECORDED"	"convergence=0; message=both X-convergence and relative convergence (5); objective=4.1588830833596715; max_gradient=0; pdHess=FALSE"										"6"	"3"	"6"	"6"			"NaNs produced | NA"		"s0a3-0282"
"fit"	"binomial-core"	"rank_deficient_control"	"drmTMB_ML"	"coefficient"	"twox"		"0"	"RECORDED"	"convergence=0; message=both X-convergence and relative convergence (5); objective=4.1588830833596715; max_gradient=0; pdHess=FALSE"										"6"	"3"	"6"	"6"			"NaNs produced | NA"		"s0a3-0283"
"fit"	"binomial-core"	"rank_deficient_control"	"glm"	"coefficient"	"(Intercept)"		"0.000000000000000036950792562241366"	"RECORDED"	"converged=TRUE; deviance= 8.317766166719343"										"6"	"3"	"6"	"6"					"s0a3-0284"
"fit"	"binomial-core"	"rank_deficient_control"	"glm"	"coefficient"	"x"		"0.000000000000000028549731614571176"	"RECORDED"	"converged=TRUE; deviance= 8.317766166719343"										"6"	"3"	"6"	"6"					"s0a3-0285"
"fit"	"binomial-core"	"rank_deficient_control"	"glm"	"coefficient"	"twox"			"RECORDED"	"converged=TRUE; deviance= 8.317766166719343"										"6"	"3"	"6"	"6"					"s0a3-0286"
"fit"	"binomial-core"	"rank_deficient_control"	"brglm2_mean_bias_reduction"	"coefficient"	"(Intercept)"		"-0.00000000000000012183209137001665"	"RECORDED"	"converged=TRUE; deviance=8.3177661667193448"										"6"	"3"	"6"	"6"					"s0a3-0287"
"fit"	"binomial-core"	"rank_deficient_control"	"brglm2_mean_bias_reduction"	"coefficient"	"x"		"-0.00000000000000022836343549218087"	"RECORDED"	"converged=TRUE; deviance=8.3177661667193448"										"6"	"3"	"6"	"6"					"s0a3-0288"
"fit"	"binomial-core"	"rank_deficient_control"	"brglm2_mean_bias_reduction"	"coefficient"	"twox"			"RECORDED"	"converged=TRUE; deviance=8.3177661667193448"										"6"	"3"	"6"	"6"					"s0a3-0289"
"gate"	"binomial-core"	"rank_deficient_control"	"harness"	"separation_not_run"		"not_run"	"not_run"	"PASS"																			"s0a3-0290"
"gate"	"binomial-core"	"all_core"	"harness"	"core_verdict"		"PASS"	"PASS"	"PASS"	"=TRUE;=TRUE;=TRUE;=TRUE;=TRUE;=TRUE;=TRUE;=TRUE;=TRUE;=TRUE"																		"s0a3-0291"
"gate"	"exact-row-controls"	"mu_zero_weight"	"base_qr"	"design_rank"		"full_rank"	"full_rank"	"PASS"	"rank=2; p=2"										"4"	"2"	"4"	"4"					"s0a3-0292"
"fit"	"binomial-core"	"mu_zero_weight"	"drmTMB_ML"	"coefficient"	"(Intercept)"		"135.71285077854137"	"RECORDED"	"convergence=0; message=X-convergence (3); objective=0.00000000000000000000000000000000000000000000000000000000000000000000000000000000000000000000000000000000000000000000000000000000000000000000000000000000000000000000000000000000000000000000000000000000000000000000000000000000000000000000000000000000000000000000000000000000000000000000000000000000000000000001168938504760945; max_gradient=0.00000000000000000000000000000000000000000000000000000000000000000000000000000000000000000000000000000000000000000000000000000000000000000000000000000000000000000000000000000000000000000000000000000000000000000000000000000000000000000000000000000000000000000000000000000000000000000000000000000000000000000001168938504760945; pdHess=FALSE"										"4"	"2"	"4"	"4"			"NA/NaN function evaluation | `drmTMB()` escalated `stats::nlminb()` to the \"robust\" optimizer preset to
reach convergence.
ℹ An earlier preset errored or did not converge; inspect
  `fit$optimizer_attempts`. | NA"		"s0a3-0293"
"fit"	"binomial-core"	"mu_zero_weight"	"drmTMB_ML"	"coefficient"	"x"		"844.75296334459608"	"RECORDED"	"convergence=0; message=X-convergence (3); objective=0.00000000000000000000000000000000000000000000000000000000000000000000000000000000000000000000000000000000000000000000000000000000000000000000000000000000000000000000000000000000000000000000000000000000000000000000000000000000000000000000000000000000000000000000000000000000000000000000000000000000000000000001168938504760945; max_gradient=0.00000000000000000000000000000000000000000000000000000000000000000000000000000000000000000000000000000000000000000000000000000000000000000000000000000000000000000000000000000000000000000000000000000000000000000000000000000000000000000000000000000000000000000000000000000000000000000000000000000000000000000001168938504760945; pdHess=FALSE"										"4"	"2"	"4"	"4"			"NA/NaN function evaluation | `drmTMB()` escalated `stats::nlminb()` to the \"robust\" optimizer preset to
reach convergence.
ℹ An earlier preset errored or did not converge; inspect
  `fit$optimizer_attempts`. | NA"		"s0a3-0294"
"fit"	"binomial-core"	"mu_zero_weight"	"glm"	"coefficient"	"(Intercept)"		"-0.000000090706475109567557"	"RECORDED"	"converged=TRUE; deviance=0.00000000035673686225664774"										"4"	"2"	"4"	"4"			"glm.fit: fitted probabilities numerically 0 or 1 occurred"		"s0a3-0295"
"fit"	"binomial-core"	"mu_zero_weight"	"glm"	"coefficient"	"x"		"23.140320932684499"	"RECORDED"	"converged=TRUE; deviance=0.00000000035673686225664774"										"4"	"2"	"4"	"4"			"glm.fit: fitted probabilities numerically 0 or 1 occurred"		"s0a3-0296"
"fit"	"binomial-core"	"mu_zero_weight"	"brglm2_mean_bias_reduction"	"coefficient"	"(Intercept)"		"0.00000000000000027868209632171716"	"RECORDED"	"converged=TRUE; deviance=1.7525055277163279"										"4"	"2"	"4"	"4"					"s0a3-0297"
"fit"	"binomial-core"	"mu_zero_weight"	"brglm2_mean_bias_reduction"	"coefficient"	"x"		"1.0040769564476644"	"RECORDED"	"converged=TRUE; deviance=1.7525055277163279"										"4"	"2"	"4"	"4"					"s0a3-0298"
"oracle"	"exact-row-controls"	"mu_zero_weight"	"ROI_lpsolve_cone"	"improving_cone"		"feasible"	"feasible"	"PASS"	"solution=(Intercept)=0;x=0.16666666666666669; B_source=1,2,3,4; E_source=; max_abs_colsums=                 6; tau_B=0.00000001; tau_E=0.00000001; tau_c=0.00000001; certificate_resid_D=NA; certificate_min_u=NA; certificate_tau_D=NA; message=1 | list(c(0, 0.166666666666667)) | list(c(1, 0, 0, 0, 0, 0, 0, 0)) | list(objfrom = c(0, 0), objtill = c(1e+30, 1e+30)) | list(duals = c(0, 0, 0, 0, 0, 0, 0), dualsfrom = c(-1e+30, -1e+30, -1e+30, -1e+30, 1.11022302462516e-16, -0.166666666666667, -1e+30), dualstill = c(1e+30, 1e+30, 1e+30, 1e+30, 1e+30, 0.166666666666667, 1e+30)) | 1 | 0"	"0"	"0"	"0"							"4"	"2"							"s0a3-0299"
"oracle"	"exact-row-controls"	"mu_zero_weight"	"ROI_lpsolve_strict_margin"	"separation_class"		"complete"	"complete"	"PASS"	"delta=0.99999999999999989; solution=0,0.99999999999999989,0,0,0.99999999999999989; message=1 | list(c(0, 1, 0, 0, 1)) | list(c(1, 0, -1, 0, 0, 1, -2, 0, 0, -2, 0)) | list(objfrom = c(-1e+30, -1, -1e+30, -1e+30, 0), objtill = c(2, 0, 2, 2, 1e+30)) | list(duals = c(0, -1, 0, 0, 1, -2, 0, 0, -2, 0), dualsfrom = c(-1e+30, 0, -0.666666666666667, -1e+30, 0, 0, -1e+30, -1e+30, -1e+30, -1e+30), dualstill = c(1e+30, 1, 0, 1e+30, 1e+30, 0.5, 1e+30, 1e+30, 0.5, 1e+30)) | 3 | 0"	"0"	"0.99999999999999989"	"0"															"s0a3-0300"
"oracle"	"exact-row-controls"	"mu_zero_weight"	"ROI_lpsolve_cone"	"sign_negative"	"(Intercept)"	"feasible"	"feasible"	"PASS"	"solution=(Intercept)=                -1;x=0.99999999999999989; message=1 | list(c(-1, 1)) | list(c(1, 0, 0, 0, 0, 0, 0, 0, 0)) | list(objfrom = c(0, 0), objtill = c(1e+30, 1e+30)) | list(duals = c(0, 0, 0, 0, 0, 0, 0, 0), dualsfrom = c(-1e+30, -1e+30, -0.49999999999968, -1e+30, -1e+30, -1e+30, -1e+30, -1e+30), dualstill = c(1e+30, 1e+30, 1e+30, 1e+30, 1e+30, -0.166666666666667, 1e+30, 1e+30)) | 3 | 0"	"0"	"0"	"0.00000000000000011102230246251565"															"s0a3-0301"
"oracle"	"exact-row-controls"	"mu_zero_weight"	"ROI_lpsolve_cone"	"sign_zero"	"(Intercept)"	"feasible"	"feasible"	"PASS"	"solution=(Intercept)=0;x=0.16666666666666669; message=1 | list(c(0, 0.166666666666667)) | list(c(1, 0, 0, 0, 0, 0, 0, 0, 0)) | list(objfrom = c(0, 0), objtill = c(1e+30, 1e+30)) | list(duals = c(0, 0, 0, 0, 0, 0, 0, 0), dualsfrom = c(-1e+30, -1e+30, -1e+30, -1e+30, 1.11022302462516e-16, -1e+30, 0, -1e+30), dualstill = c(1e+30, 1e+30, 1e+30, 1e+30, 1e+30, 1e+30, 0, 1e+30)) | 1 | 0"	"0"	"0"	"0"															"s0a3-0302"
"oracle"	"exact-row-controls"	"mu_zero_weight"	"ROI_lpsolve_cone"	"sign_positive"	"(Intercept)"	"feasible"	"feasible"	"PASS"	"solution=(Intercept)=                 1;x=0.99999999999999989; message=1 | list(c(1, 1)) | list(c(1, 0, 0, 0, 0, 0, 0, 0, 0)) | list(objfrom = c(0, 0), objtill = c(1e+30, 1e+30)) | list(duals = c(0, 0, 0, 0, 0, 0, 0, 0), dualsfrom = c(-1e+30, -0.5, -1e+30, -1e+30, -1e+30, 0.166666666666667, -1e+30, -1e+30), dualstill = c(1e+30, 1e+30, 1e+30, 1e+30, 1e+30, 1e+30, 1e+30, 1e+30)) | 3 | 0"	"0"	"0"	"0.00000000000000011102230246251565"															"s0a3-0303"
"oracle"	"exact-row-controls"	"mu_zero_weight"	"ROI_lpsolve_cone"	"coefficient_sign_feasibility"	"(Intercept)"	"negative=TRUE;zero=TRUE;positive=TRUE"	"negative=TRUE;zero=TRUE;positive=TRUE"	"PASS"																			"s0a3-0304"
"oracle"	"exact-row-controls"	"mu_zero_weight"	"ROI_lpsolve_cone"	"sign_negative"	"x"	"unresolved"	"unresolved"	"PASS"	"solution=(Intercept)=                NA;x=                NA; message=0 | list(c(NA, NA)) | list(c(NA, NA, NA, NA, NA, NA))"	"1"																	"s0a3-0305"
"oracle"	"exact-row-controls"	"mu_zero_weight"	"ROI_lpsolve_cone"	"sign_zero"	"x"	"unresolved"	"unresolved"	"PASS"	"solution=(Intercept)=                NA;x=                NA; message=0 | list(c(NA, NA)) | list(c(NA, NA, NA, NA, NA, NA))"	"1"																	"s0a3-0306"
"oracle"	"exact-row-controls"	"mu_zero_weight"	"ROI_lpsolve_cone"	"sign_positive"	"x"	"feasible"	"feasible"	"PASS"	"solution=(Intercept)=0;x=                 1; message=1 | list(c(0, 1)) | list(c(1, 0, 0, 0, 0, 0, 0, 0, 0)) | list(objfrom = c(0, 0), objtill = c(1e+30, 1e+30)) | list(duals = c(0, 0, 0, 0, 0, 0, 0, 0), dualsfrom = c(-1e+30, -1e+30, -1e+30, -1e+30, -1e+30, 0.166666666666667, -1, -1e+30), dualstill = c(1e+30, 1e+30, 1e+30, 1e+30, 1e+30, 1e+30, 1, 1e+30)) | 2 | 0"	"0"	"0"	"0"															"s0a3-0307"
"oracle"	"exact-row-controls"	"mu_zero_weight"	"ROI_lpsolve_cone"	"coefficient_sign_feasibility"	"x"	"negative=FALSE;zero=FALSE;positive=TRUE"	"negative=FALSE;zero=FALSE;positive=TRUE"	"PASS"																			"s0a3-0308"
"detector"	"exact-row-controls"	"mu_zero_weight"	"detectseparation"	"separation_class"		"complete"	"complete"	"PASS"															"TRUE"	"complete"			"s0a3-0309"
"detector"	"exact-row-controls"	"mu_zero_weight"	"detectseparation"	"coefficient_compatibility"	"(Intercept)"	"feasible_indicator"	"-Inf -> negative"	"PASS"															"TRUE"	"complete"			"s0a3-0310"
"detector"	"exact-row-controls"	"mu_zero_weight"	"detectseparation"	"coefficient_compatibility"	"x"	"feasible_indicator"	"Inf -> positive"	"PASS"															"TRUE"	"complete"			"s0a3-0311"
"gate"	"exact-row-controls"	"mu_zero_weight"	"drmTMB_fitted_spec"	"exact_active_specification"		"all_true"	"X=TRUE;X_names=TRUE;y=TRUE;trials=TRUE;weights=TRUE;offset=TRUE"	"PASS"											"4"	"2"	"4"	"4"					"s0a3-0312"
"gate"	"objective-rays"	"mu_zero_weight"	"drmTMB_compiled"	"parameter_mapping"		"all_true"	"length=TRUE;free_names=TRUE;coefficient_names=TRUE;par_list_values=TRUE"	"PASS"																			"s0a3-0313"
"objective"	"objective-rays"	"mu_zero_weight"	"drmTMB_compiled_vs_direct"	"objective_delta"		"<=1e-8"	"0"	"PASS"					"centered_intercept_negative"	"0"	"2.7725887222397811"	"2.7725887222397811"	"0"	"0"									"s0a3-0314"
"objective"	"objective-rays"	"mu_zero_weight"	"drmTMB_compiled_vs_direct"	"objective_delta"		"<=1e-8"	"0.00000000000000022204460492503131"	"PASS"					"centered_intercept_negative"	"0.5"	"0.95579327443816109"	"0.9557932744381612"	"-1.8167954478016202"	"-1.8167954478016199"									"s0a3-0315"
"objective"	"objective-rays"	"mu_zero_weight"	"drmTMB_compiled_vs_direct"	"objective_delta"		"<=1e-8"	"0"	"PASS"					"centered_intercept_negative"	"1"	"0.41715173915482484"	"0.41715173915482506"	"-2.3554369830849562"	"-2.3554369830849562"									"s0a3-0316"
"objective"	"objective-rays"	"mu_zero_weight"	"drmTMB_compiled_vs_direct"	"objective_delta"		"<=1e-8"	"0"	"PASS"					"centered_intercept_negative"	"2"	"0.13192478021765028"	"0.13192478021765025"	"-2.6406639420221309"	"-2.6406639420221309"									"s0a3-0317"
"objective"	"objective-rays"	"mu_zero_weight"	"drmTMB_compiled_vs_direct"	"objective_delta"		"<=1e-8"	"0"	"PASS"					"centered_intercept_negative"	"4"	"0.01816221836591881"	"0.018162218365918824"	"-2.7544265038738622"	"-2.7544265038738622"									"s0a3-0318"
"objective"	"objective-rays"	"mu_zero_weight"	"drmTMB_compiled_vs_direct"	"objective_delta"		"<=1e-8"	"0"	"PASS"					"centered_intercept_negative"	"8"	"0.00033540644839836993"	"0.00033540644839846398"	"-2.7722533157913829"	"-2.7722533157913829"									"s0a3-0319"
"objective"	"objective-rays"	"mu_zero_weight"	"drmTMB_compiled_vs_direct"	"objective_delta"		"<=1e-8"	"0"	"PASS"					"centered_intercept_negative"	"16"	"0.0000001125351684099591"	"0.00000011253516838717968"	"-2.7725886097046128"	"-2.7725886097046128"									"s0a3-0320"
"gate"	"objective-rays"	"mu_zero_weight"	"drmTMB_compiled_vs_direct"	"ray_verdict"		"non_worsening_and_strict"	"max_compiled_step=-0.00033529391323007681; max_direct_step=-0.00033529391322995999; compiled_improvement=2.7725886097046128; direct_improvement=2.7725886097046128"	"PASS"					"centered_intercept_negative"														"s0a3-0321"
"objective"	"objective-rays"	"mu_zero_weight"	"drmTMB_compiled_vs_direct"	"objective_delta"		"<=1e-8"	"0"	"PASS"					"centered_intercept_zero"	"0"	"2.7725887222397811"	"2.7725887222397811"	"0"	"0"									"s0a3-0322"
"objective"	"objective-rays"	"mu_zero_weight"	"drmTMB_compiled_vs_direct"	"objective_delta"		"<=1e-8"	"0"	"PASS"					"centered_intercept_zero"	"0.5"	" 1.574677343396659"	" 1.574677343396659"	"-1.1979113788431222"	"-1.1979113788431222"									"s0a3-0323"
"objective"	"objective-rays"	"mu_zero_weight"	"drmTMB_compiled_vs_direct"	"objective_delta"		"<=1e-8"	"0"	"PASS"					"centered_intercept_zero"	"1"	"0.88037939712239077"	"0.88037939712239077"	"-1.8922093251173904"	"-1.8922093251173904"									"s0a3-0324"
"objective"	"objective-rays"	"mu_zero_weight"	"drmTMB_compiled_vs_direct"	"objective_delta"		"<=1e-8"	"0.00000000000000044408920985006262"	"PASS"					"centered_intercept_zero"	"2"	"0.29015587792156461"	"0.29015587792156444"	"-2.4824328443182164"	"-2.4824328443182169"									"s0a3-0325"
"objective"	"objective-rays"	"mu_zero_weight"	"drmTMB_compiled_vs_direct"	"objective_delta"		"<=1e-8"	"0"	"PASS"					"centered_intercept_zero"	"4"	"0.036970668581410904"	"0.036970668581411015"	"-2.7356180536583703"	"-2.7356180536583703"									"s0a3-0326"
"objective"	"objective-rays"	"mu_zero_weight"	"drmTMB_compiled_vs_direct"	"objective_delta"		"<=1e-8"	"0"	"PASS"					"centered_intercept_zero"	"8"	"0.00067103781612822867"	"0.00067103781612831205"	"-2.771917684423653"	"-2.771917684423653"									"s0a3-0327"
"objective"	"objective-rays"	"mu_zero_weight"	"drmTMB_compiled_vs_direct"	"objective_delta"		"<=1e-8"	"0"	"PASS"					"centered_intercept_zero"	"16"	"0.00000022507036211784254"	"0.00000022507036210268475"	"-2.7725884971694192"	"-2.7725884971694192"									"s0a3-0328"
"gate"	"objective-rays"	"mu_zero_weight"	"drmTMB_compiled_vs_direct"	"ray_verdict"		"non_worsening_and_strict"	"max_compiled_step=-0.00067081274576620933; max_direct_step=-0.00067081274576611088; compiled_improvement=2.7725884971694192; direct_improvement=2.7725884971694192"	"PASS"					"centered_intercept_zero"														"s0a3-0329"
"objective"	"objective-rays"	"mu_zero_weight"	"drmTMB_compiled_vs_direct"	"objective_delta"		"<=1e-8"	"0"	"PASS"					"centered_intercept_positive"	"0"	"2.7725887222397811"	"2.7725887222397811"	"0"	"0"									"s0a3-0330"
"objective"	"objective-rays"	"mu_zero_weight"	"drmTMB_compiled_vs_direct"	"objective_delta"		"<=1e-8"	"0.00000000000000022204460492503131"	"PASS"					"centered_intercept_positive"	"0.5"	"0.95579327443816098"	"0.9557932744381612"	"-1.8167954478016202"	"-1.8167954478016199"									"s0a3-0331"
"objective"	"objective-rays"	"mu_zero_weight"	"drmTMB_compiled_vs_direct"	"objective_delta"		"<=1e-8"	"0.00000000000000044408920985006262"	"PASS"					"centered_intercept_positive"	"1"	"0.41715173915482467"	"0.41715173915482506"	"-2.3554369830849566"	"-2.3554369830849562"									"s0a3-0332"
"objective"	"objective-rays"	"mu_zero_weight"	"drmTMB_compiled_vs_direct"	"objective_delta"		"<=1e-8"	"0"	"PASS"					"centered_intercept_positive"	"2"	"0.13192478021765008"	"0.13192478021765025"	"-2.6406639420221309"	"-2.6406639420221309"									"s0a3-0333"
"objective"	"objective-rays"	"mu_zero_weight"	"drmTMB_compiled_vs_direct"	"objective_delta"		"<=1e-8"	"0"	"PASS"					"centered_intercept_positive"	"4"	"0.018162218365918897"	"0.018162218365918824"	"-2.7544265038738622"	"-2.7544265038738622"									"s0a3-0334"
"objective"	"objective-rays"	"mu_zero_weight"	"drmTMB_compiled_vs_direct"	"objective_delta"		"<=1e-8"	"0.00000000000000044408920985006262"	"PASS"					"centered_intercept_positive"	"8"	"0.0003354064483984719"	"0.00033540644839846398"	"-2.7722533157913825"	"-2.7722533157913829"									"s0a3-0335"
"objective"	"objective-rays"	"mu_zero_weight"	"drmTMB_compiled_vs_direct"	"objective_delta"		"<=1e-8"	"0"	"PASS"					"centered_intercept_positive"	"16"	"0.00000011253516838717825"	"0.00000011253516838717968"	"-2.7725886097046128"	"-2.7725886097046128"									"s0a3-0336"
"gate"	"objective-rays"	"mu_zero_weight"	"drmTMB_compiled_vs_direct"	"ray_verdict"		"non_worsening_and_strict"	"max_compiled_step=-0.00033529391323007681; max_direct_step=-0.00033529391323008472; compiled_improvement=2.7725886097046128; direct_improvement=2.7725886097046128"	"PASS"					"centered_intercept_positive"														"s0a3-0337"
"gate"	"exact-row-controls"	"mu_finite_offset"	"base_qr"	"design_rank"		"full_rank"	"full_rank"	"PASS"	"rank=2; p=2"										"4"	"2"	"4"	"4"					"s0a3-0338"
"fit"	"binomial-core"	"mu_finite_offset"	"drmTMB_ML"	"coefficient"	"(Intercept)"		"-0.25669035477854618"	"RECORDED"	"convergence=0; message=both X-convergence and relative convergence (5); objective=0.00000000018493000601068758; max_gradient=0.00000000018493000602431323; pdHess=TRUE"										"4"	"2"	"4"	"4"					"s0a3-0339"
"fit"	"binomial-core"	"mu_finite_offset"	"drmTMB_ML"	"coefficient"	"x"		"23.005128458598591"	"RECORDED"	"convergence=0; message=both X-convergence and relative convergence (5); objective=0.00000000018493000601068758; max_gradient=0.00000000018493000602431323; pdHess=TRUE"										"4"	"2"	"4"	"4"					"s0a3-0340"
"fit"	"binomial-core"	"mu_finite_offset"	"glm"	"coefficient"	"(Intercept)"		"-0.25669035477054192"	"RECORDED"	"converged=TRUE; deviance=0.00000000036986147476333242"										"4"	"2"	"4"	"4"			"glm.fit: fitted probabilities numerically 0 or 1 occurred"		"s0a3-0341"
"fit"	"binomial-core"	"mu_finite_offset"	"glm"	"coefficient"	"x"		"23.005128458413662"	"RECORDED"	"converged=TRUE; deviance=0.00000000036986147476333242"										"4"	"2"	"4"	"4"			"glm.fit: fitted probabilities numerically 0 or 1 occurred"		"s0a3-0342"
"fit"	"binomial-core"	"mu_finite_offset"	"brglm2_mean_bias_reduction"	"coefficient"	"(Intercept)"		"-0.09729410639026187"	"RECORDED"	"converged=TRUE; deviance=1.6659245799775615"										"4"	"2"	"4"	"4"					"s0a3-0343"
"fit"	"binomial-core"	"mu_finite_offset"	"brglm2_mean_bias_reduction"	"coefficient"	"x"		"0.99169204303142755"	"RECORDED"	"converged=TRUE; deviance=1.6659245799775615"										"4"	"2"	"4"	"4"					"s0a3-0344"
"oracle"	"exact-row-controls"	"mu_finite_offset"	"ROI_lpsolve_cone"	"improving_cone"		"feasible"	"feasible"	"PASS"	"solution=(Intercept)=0;x=0.16666666666666669; B_source=1,2,3,4; E_source=; max_abs_colsums=                 6; tau_B=0.00000001; tau_E=0.00000001; tau_c=0.00000001; certificate_resid_D=NA; certificate_min_u=NA; certificate_tau_D=NA; message=1 | list(c(0, 0.166666666666667)) | list(c(1, 0, 0, 0, 0, 0, 0, 0)) | list(objfrom = c(0, 0), objtill = c(1e+30, 1e+30)) | list(duals = c(0, 0, 0, 0, 0, 0, 0), dualsfrom = c(-1e+30, -1e+30, -1e+30, -1e+30, 1.11022302462516e-16, -0.166666666666667, -1e+30), dualstill = c(1e+30, 1e+30, 1e+30, 1e+30, 1e+30, 0.166666666666667, 1e+30)) | 1 | 0"	"0"	"0"	"0"							"4"	"2"							"s0a3-0345"
"oracle"	"exact-row-controls"	"mu_finite_offset"	"ROI_lpsolve_strict_margin"	"separation_class"		"complete"	"complete"	"PASS"	"delta=0.99999999999999989; solution=0,0.99999999999999989,0,0,0.99999999999999989; message=1 | list(c(0, 1, 0, 0, 1)) | list(c(1, 0, -1, 0, 0, 1, -2, 0, 0, -2, 0)) | list(objfrom = c(-1e+30, -1, -1e+30, -1e+30, 0), objtill = c(2, 0, 2, 2, 1e+30)) | list(duals = c(0, -1, 0, 0, 1, -2, 0, 0, -2, 0), dualsfrom = c(-1e+30, 0, -0.666666666666667, -1e+30, 0, 0, -1e+30, -1e+30, -1e+30, -1e+30), dualstill = c(1e+30, 1, 0, 1e+30, 1e+30, 0.5, 1e+30, 1e+30, 0.5, 1e+30)) | 3 | 0"	"0"	"0.99999999999999989"	"0"															"s0a3-0346"
"oracle"	"exact-row-controls"	"mu_finite_offset"	"ROI_lpsolve_cone"	"sign_negative"	"(Intercept)"	"feasible"	"feasible"	"PASS"	"solution=(Intercept)=                -1;x=0.99999999999999989; message=1 | list(c(-1, 1)) | list(c(1, 0, 0, 0, 0, 0, 0, 0, 0)) | list(objfrom = c(0, 0), objtill = c(1e+30, 1e+30)) | list(duals = c(0, 0, 0, 0, 0, 0, 0, 0), dualsfrom = c(-1e+30, -1e+30, -0.49999999999968, -1e+30, -1e+30, -1e+30, -1e+30, -1e+30), dualstill = c(1e+30, 1e+30, 1e+30, 1e+30, 1e+30, -0.166666666666667, 1e+30, 1e+30)) | 3 | 0"	"0"	"0"	"0.00000000000000011102230246251565"															"s0a3-0347"
"oracle"	"exact-row-controls"	"mu_finite_offset"	"ROI_lpsolve_cone"	"sign_zero"	"(Intercept)"	"feasible"	"feasible"	"PASS"	"solution=(Intercept)=0;x=0.16666666666666669; message=1 | list(c(0, 0.166666666666667)) | list(c(1, 0, 0, 0, 0, 0, 0, 0, 0)) | list(objfrom = c(0, 0), objtill = c(1e+30, 1e+30)) | list(duals = c(0, 0, 0, 0, 0, 0, 0, 0), dualsfrom = c(-1e+30, -1e+30, -1e+30, -1e+30, 1.11022302462516e-16, -1e+30, 0, -1e+30), dualstill = c(1e+30, 1e+30, 1e+30, 1e+30, 1e+30, 1e+30, 0, 1e+30)) | 1 | 0"	"0"	"0"	"0"															"s0a3-0348"
"oracle"	"exact-row-controls"	"mu_finite_offset"	"ROI_lpsolve_cone"	"sign_positive"	"(Intercept)"	"feasible"	"feasible"	"PASS"	"solution=(Intercept)=                 1;x=0.99999999999999989; message=1 | list(c(1, 1)) | list(c(1, 0, 0, 0, 0, 0, 0, 0, 0)) | list(objfrom = c(0, 0), objtill = c(1e+30, 1e+30)) | list(duals = c(0, 0, 0, 0, 0, 0, 0, 0), dualsfrom = c(-1e+30, -0.5, -1e+30, -1e+30, -1e+30, 0.166666666666667, -1e+30, -1e+30), dualstill = c(1e+30, 1e+30, 1e+30, 1e+30, 1e+30, 1e+30, 1e+30, 1e+30)) | 3 | 0"	"0"	"0"	"0.00000000000000011102230246251565"															"s0a3-0349"
"oracle"	"exact-row-controls"	"mu_finite_offset"	"ROI_lpsolve_cone"	"coefficient_sign_feasibility"	"(Intercept)"	"negative=TRUE;zero=TRUE;positive=TRUE"	"negative=TRUE;zero=TRUE;positive=TRUE"	"PASS"																			"s0a3-0350"
"oracle"	"exact-row-controls"	"mu_finite_offset"	"ROI_lpsolve_cone"	"sign_negative"	"x"	"unresolved"	"unresolved"	"PASS"	"solution=(Intercept)=                NA;x=                NA; message=0 | list(c(NA, NA)) | list(c(NA, NA, NA, NA, NA, NA))"	"1"																	"s0a3-0351"
"oracle"	"exact-row-controls"	"mu_finite_offset"	"ROI_lpsolve_cone"	"sign_zero"	"x"	"unresolved"	"unresolved"	"PASS"	"solution=(Intercept)=                NA;x=                NA; message=0 | list(c(NA, NA)) | list(c(NA, NA, NA, NA, NA, NA))"	"1"																	"s0a3-0352"
"oracle"	"exact-row-controls"	"mu_finite_offset"	"ROI_lpsolve_cone"	"sign_positive"	"x"	"feasible"	"feasible"	"PASS"	"solution=(Intercept)=0;x=                 1; message=1 | list(c(0, 1)) | list(c(1, 0, 0, 0, 0, 0, 0, 0, 0)) | list(objfrom = c(0, 0), objtill = c(1e+30, 1e+30)) | list(duals = c(0, 0, 0, 0, 0, 0, 0, 0), dualsfrom = c(-1e+30, -1e+30, -1e+30, -1e+30, -1e+30, 0.166666666666667, -1, -1e+30), dualstill = c(1e+30, 1e+30, 1e+30, 1e+30, 1e+30, 1e+30, 1, 1e+30)) | 2 | 0"	"0"	"0"	"0"															"s0a3-0353"
"oracle"	"exact-row-controls"	"mu_finite_offset"	"ROI_lpsolve_cone"	"coefficient_sign_feasibility"	"x"	"negative=FALSE;zero=FALSE;positive=TRUE"	"negative=FALSE;zero=FALSE;positive=TRUE"	"PASS"																			"s0a3-0354"
"detector"	"exact-row-controls"	"mu_finite_offset"	"detectseparation"	"separation_class"		"complete"	"complete"	"PASS"															"TRUE"	"complete"			"s0a3-0355"
"detector"	"exact-row-controls"	"mu_finite_offset"	"detectseparation"	"coefficient_compatibility"	"(Intercept)"	"feasible_indicator"	"-Inf -> negative"	"PASS"															"TRUE"	"complete"			"s0a3-0356"
"detector"	"exact-row-controls"	"mu_finite_offset"	"detectseparation"	"coefficient_compatibility"	"x"	"feasible_indicator"	"Inf -> positive"	"PASS"															"TRUE"	"complete"			"s0a3-0357"
"gate"	"exact-row-controls"	"mu_finite_offset"	"drmTMB_fitted_spec"	"exact_active_specification"		"all_true"	"X=TRUE;X_names=TRUE;y=TRUE;trials=TRUE;weights=TRUE;offset=TRUE"	"PASS"											"4"	"2"	"4"	"4"					"s0a3-0358"
"gate"	"objective-rays"	"mu_finite_offset"	"drmTMB_compiled"	"parameter_mapping"		"all_true"	"length=TRUE;free_names=TRUE;coefficient_names=TRUE;par_list_values=TRUE"	"PASS"																			"s0a3-0359"
"objective"	"objective-rays"	"mu_finite_offset"	"drmTMB_compiled_vs_direct"	"objective_delta"		"<=1e-8"	"0"	"PASS"					"centered_intercept_negative"	"0"	"2.5686954151355295"	"2.5686954151355295"	"0"	"0"									"s0a3-0360"
"objective"	"objective-rays"	"mu_finite_offset"	"drmTMB_compiled_vs_direct"	"objective_delta"		"<=1e-8"	"0.00000000000000044408920985006262"	"PASS"					"centered_intercept_negative"	"0.5"	"0.88539812906554194"	"0.88539812906554149"	"-1.6832972860699875"	"-1.683297286069988"									"s0a3-0361"
"objective"	"objective-rays"	"mu_finite_offset"	"drmTMB_compiled_vs_direct"	"objective_delta"		"<=1e-8"	"0"	"PASS"					"centered_intercept_negative"	"1"	"0.34783417815338036"	"0.3478341781533803"	"-2.2208612369821492"	"-2.2208612369821492"									"s0a3-0362"
"objective"	"objective-rays"	"mu_finite_offset"	"drmTMB_compiled_vs_direct"	"objective_delta"		"<=1e-8"	"0"	"PASS"					"centered_intercept_negative"	"2"	"0.093222057938928571"	"0.09322205793892864"	"-2.4754733571966008"	"-2.4754733571966008"									"s0a3-0363"
"objective"	"objective-rays"	"mu_finite_offset"	"drmTMB_compiled_vs_direct"	"objective_delta"		"<=1e-8"	"0"	"PASS"					"centered_intercept_negative"	"4"	"0.012218383945758034"	"0.012218383945757944"	"-2.5564770311897713"	"-2.5564770311897713"									"s0a3-0364"
"objective"	"objective-rays"	"mu_finite_offset"	"drmTMB_compiled_vs_direct"	"objective_delta"		"<=1e-8"	"0.00000000000000044408920985006262"	"PASS"					"centered_intercept_negative"	"8"	"0.00022484214238028684"	"0.00022484214238021536"	"-2.568470572993149"	"-2.5684705729931494"									"s0a3-0365"
"objective"	"objective-rays"	"mu_finite_offset"	"drmTMB_compiled_vs_direct"	"objective_delta"		"<=1e-8"	"0"	"PASS"					"centered_intercept_negative"	"16"	"0.000000075434580651644335"	"0.000000075434580653258198"	"-2.5686953397009487"	"-2.5686953397009487"									"s0a3-0366"
"gate"	"objective-rays"	"mu_finite_offset"	"drmTMB_compiled_vs_direct"	"ray_verdict"		"non_worsening_and_strict"	"max_compiled_step=-0.00022476670779956209; max_direct_step=-0.0002247667077996352; compiled_improvement=2.5686953397009487; direct_improvement=2.5686953397009487"	"PASS"					"centered_intercept_negative"														"s0a3-0367"
"objective"	"objective-rays"	"mu_finite_offset"	"drmTMB_compiled_vs_direct"	"objective_delta"		"<=1e-8"	"0"	"PASS"					"centered_intercept_zero"	"0"	"2.5686954151355295"	"2.5686954151355295"	"0"	"0"									"s0a3-0368"
"objective"	"objective-rays"	"mu_finite_offset"	"drmTMB_compiled_vs_direct"	"objective_delta"		"<=1e-8"	"0"	"PASS"					"centered_intercept_zero"	"0.5"	"1.4664811974723388"	"1.4664811974723388"	"-1.1022142176631906"	"-1.1022142176631906"									"s0a3-0369"
"objective"	"objective-rays"	"mu_finite_offset"	"drmTMB_compiled_vs_direct"	"objective_delta"		"<=1e-8"	"0"	"PASS"					"centered_intercept_zero"	"1"	"0.82434766702908524"	"0.82434766702908513"	"-1.7443477481064442"	"-1.7443477481064442"									"s0a3-0370"
"objective"	"objective-rays"	"mu_finite_offset"	"drmTMB_compiled_vs_direct"	"objective_delta"		"<=1e-8"	"0"	"PASS"					"centered_intercept_zero"	"2"	"0.27329077278369041"	"0.27329077278369046"	"-2.2954046423518388"	"-2.2954046423518388"									"s0a3-0371"
"objective"	"objective-rays"	"mu_finite_offset"	"drmTMB_compiled_vs_direct"	"objective_delta"		"<=1e-8"	"0"	"PASS"					"centered_intercept_zero"	"4"	"0.034946097687286119"	"0.034946097687286105"	"-2.5337493174482435"	"-2.5337493174482435"									"s0a3-0372"
"objective"	"objective-rays"	"mu_finite_offset"	"drmTMB_compiled_vs_direct"	"objective_delta"		"<=1e-8"	"0"	"PASS"					"centered_intercept_zero"	"8"	"0.00063470089573472693"	"0.00063470089573460105"	"-2.5680607142397949"	"-2.5680607142397949"									"s0a3-0373"
"objective"	"objective-rays"	"mu_finite_offset"	"drmTMB_compiled_vs_direct"	"objective_delta"		"<=1e-8"	"0"	"PASS"					"centered_intercept_zero"	"16"	"0.00000021288536738369867"	"0.00000021288536738271143"	"-2.5686952022501619"	"-2.5686952022501619"									"s0a3-0374"
"gate"	"objective-rays"	"mu_finite_offset"	"drmTMB_compiled_vs_direct"	"ray_verdict"		"non_worsening_and_strict"	"max_compiled_step=-0.00063448801036721837; max_direct_step=-0.00063448801036734327; compiled_improvement=2.5686952022501619; direct_improvement=2.5686952022501619"	"PASS"					"centered_intercept_zero"														"s0a3-0375"
"objective"	"objective-rays"	"mu_finite_offset"	"drmTMB_compiled_vs_direct"	"objective_delta"		"<=1e-8"	"0"	"PASS"					"centered_intercept_positive"	"0"	"2.5686954151355295"	"2.5686954151355295"	"0"	"0"									"s0a3-0376"
"objective"	"objective-rays"	"mu_finite_offset"	"drmTMB_compiled_vs_direct"	"objective_delta"		"<=1e-8"	"0.00000000000000044408920985006262"	"PASS"					"centered_intercept_positive"	"0.5"	"0.90390864228887968"	"0.90390864228887946"	"-1.6647867728466497"	"-1.6647867728466501"									"s0a3-0377"
"objective"	"objective-rays"	"mu_finite_offset"	"drmTMB_compiled_vs_direct"	"objective_delta"		"<=1e-8"	"0.00000000000000044408920985006262"	"PASS"					"centered_intercept_positive"	"1"	"0.43740614647630993"	"0.43740614647630965"	"-2.1312892686592195"	" -2.13128926865922"									"s0a3-0378"
"objective"	"objective-rays"	"mu_finite_offset"	"drmTMB_compiled_vs_direct"	"objective_delta"		"<=1e-8"	"0"	"PASS"					"centered_intercept_positive"	"2"	"0.15592922550913005"	"0.15592922550912994"	"-2.4127661896263994"	"-2.4127661896263994"									"s0a3-0379"
"objective"	"objective-rays"	"mu_finite_offset"	"drmTMB_compiled_vs_direct"	"objective_delta"		"<=1e-8"	"0"	"PASS"					"centered_intercept_positive"	"4"	"0.0221313889382753"	"0.022131388938275102"	"-2.5465640261972542"	"-2.5465640261972542"									"s0a3-0380"
"objective"	"objective-rays"	"mu_finite_offset"	"drmTMB_compiled_vs_direct"	"objective_delta"		"<=1e-8"	"0"	"PASS"					"centered_intercept_positive"	"8"	"0.00040965110457768741"	"0.00040965110457764095"	"-2.5682857640309518"	"-2.5682857640309518"									"s0a3-0381"
"objective"	"objective-rays"	"mu_finite_offset"	"drmTMB_compiled_vs_direct"	"objective_delta"		"<=1e-8"	"0"	"PASS"					"centered_intercept_positive"	"16"	"0.00000013745076334578372"	"0.00000013745076334578465"	"-2.5686952776847662"	"-2.5686952776847662"									"s0a3-0382"
"gate"	"objective-rays"	"mu_finite_offset"	"drmTMB_compiled_vs_direct"	"ray_verdict"		"non_worsening_and_strict"	"max_compiled_step=-0.00040951365381429515; max_direct_step=-0.00040951365381434161; compiled_improvement=2.5686952776847662; direct_improvement=2.5686952776847662"	"PASS"					"centered_intercept_positive"														"s0a3-0383"
"gate"	"exact-row-controls"	"mu_response_mask"	"base_qr"	"design_rank"		"full_rank"	"full_rank"	"PASS"	"rank=2; p=2"										"4"	"2"	"4"	"4"					"s0a3-0384"
"fit"	"binomial-core"	"mu_response_mask"	"drmTMB_ML"	"coefficient"	"(Intercept)"		"-0.000000090706475093388447"	"RECORDED"	"convergence=0; message=both X-convergence and relative convergence (5); objective=0.00000000017836773812221025; max_gradient=0.00000000017836773813016403; pdHess=TRUE"										"4"	"2"	"4"	"4"					"s0a3-0385"
"fit"	"binomial-core"	"mu_response_mask"	"drmTMB_ML"	"coefficient"	"x"		"23.140320932862867"	"RECORDED"	"convergence=0; message=both X-convergence and relative convergence (5); objective=0.00000000017836773812221025; max_gradient=0.00000000017836773813016403; pdHess=TRUE"										"4"	"2"	"4"	"4"					"s0a3-0386"
"fit"	"binomial-core"	"mu_response_mask"	"glm"	"coefficient"	"(Intercept)"		"-0.000000090706475109567557"	"RECORDED"	"converged=TRUE; deviance=0.00000000035673686225664774"										"4"	"2"	"4"	"4"			"glm.fit: fitted probabilities numerically 0 or 1 occurred"		"s0a3-0387"
"fit"	"binomial-core"	"mu_response_mask"	"glm"	"coefficient"	"x"		"23.140320932684499"	"RECORDED"	"converged=TRUE; deviance=0.00000000035673686225664774"										"4"	"2"	"4"	"4"			"glm.fit: fitted probabilities numerically 0 or 1 occurred"		"s0a3-0388"
"fit"	"binomial-core"	"mu_response_mask"	"brglm2_mean_bias_reduction"	"coefficient"	"(Intercept)"		"0.00000000000000027868209632171716"	"RECORDED"	"converged=TRUE; deviance=1.7525055277163279"										"4"	"2"	"4"	"4"					"s0a3-0389"
"fit"	"binomial-core"	"mu_response_mask"	"brglm2_mean_bias_reduction"	"coefficient"	"x"		"1.0040769564476644"	"RECORDED"	"converged=TRUE; deviance=1.7525055277163279"										"4"	"2"	"4"	"4"					"s0a3-0390"
"oracle"	"exact-row-controls"	"mu_response_mask"	"ROI_lpsolve_cone"	"improving_cone"		"feasible"	"feasible"	"PASS"	"solution=(Intercept)=0;x=0.16666666666666669; B_source=1,2,3,4; E_source=; max_abs_colsums=                 6; tau_B=0.00000001; tau_E=0.00000001; tau_c=0.00000001; certificate_resid_D=NA; certificate_min_u=NA; certificate_tau_D=NA; message=1 | list(c(0, 0.166666666666667)) | list(c(1, 0, 0, 0, 0, 0, 0, 0)) | list(objfrom = c(0, 0), objtill = c(1e+30, 1e+30)) | list(duals = c(0, 0, 0, 0, 0, 0, 0), dualsfrom = c(-1e+30, -1e+30, -1e+30, -1e+30, 1.11022302462516e-16, -0.166666666666667, -1e+30), dualstill = c(1e+30, 1e+30, 1e+30, 1e+30, 1e+30, 0.166666666666667, 1e+30)) | 1 | 0"	"0"	"0"	"0"							"4"	"2"							"s0a3-0391"
"oracle"	"exact-row-controls"	"mu_response_mask"	"ROI_lpsolve_strict_margin"	"separation_class"		"complete"	"complete"	"PASS"	"delta=0.99999999999999989; solution=0,0.99999999999999989,0,0,0.99999999999999989; message=1 | list(c(0, 1, 0, 0, 1)) | list(c(1, 0, -1, 0, 0, 1, -2, 0, 0, -2, 0)) | list(objfrom = c(-1e+30, -1, -1e+30, -1e+30, 0), objtill = c(2, 0, 2, 2, 1e+30)) | list(duals = c(0, -1, 0, 0, 1, -2, 0, 0, -2, 0), dualsfrom = c(-1e+30, 0, -0.666666666666667, -1e+30, 0, 0, -1e+30, -1e+30, -1e+30, -1e+30), dualstill = c(1e+30, 1, 0, 1e+30, 1e+30, 0.5, 1e+30, 1e+30, 0.5, 1e+30)) | 3 | 0"	"0"	"0.99999999999999989"	"0"															"s0a3-0392"
"oracle"	"exact-row-controls"	"mu_response_mask"	"ROI_lpsolve_cone"	"sign_negative"	"(Intercept)"	"feasible"	"feasible"	"PASS"	"solution=(Intercept)=                -1;x=0.99999999999999989; message=1 | list(c(-1, 1)) | list(c(1, 0, 0, 0, 0, 0, 0, 0, 0)) | list(objfrom = c(0, 0), objtill = c(1e+30, 1e+30)) | list(duals = c(0, 0, 0, 0, 0, 0, 0, 0), dualsfrom = c(-1e+30, -1e+30, -0.49999999999968, -1e+30, -1e+30, -1e+30, -1e+30, -1e+30), dualstill = c(1e+30, 1e+30, 1e+30, 1e+30, 1e+30, -0.166666666666667, 1e+30, 1e+30)) | 3 | 0"	"0"	"0"	"0.00000000000000011102230246251565"															"s0a3-0393"
"oracle"	"exact-row-controls"	"mu_response_mask"	"ROI_lpsolve_cone"	"sign_zero"	"(Intercept)"	"feasible"	"feasible"	"PASS"	"solution=(Intercept)=0;x=0.16666666666666669; message=1 | list(c(0, 0.166666666666667)) | list(c(1, 0, 0, 0, 0, 0, 0, 0, 0)) | list(objfrom = c(0, 0), objtill = c(1e+30, 1e+30)) | list(duals = c(0, 0, 0, 0, 0, 0, 0, 0), dualsfrom = c(-1e+30, -1e+30, -1e+30, -1e+30, 1.11022302462516e-16, -1e+30, 0, -1e+30), dualstill = c(1e+30, 1e+30, 1e+30, 1e+30, 1e+30, 1e+30, 0, 1e+30)) | 1 | 0"	"0"	"0"	"0"															"s0a3-0394"
"oracle"	"exact-row-controls"	"mu_response_mask"	"ROI_lpsolve_cone"	"sign_positive"	"(Intercept)"	"feasible"	"feasible"	"PASS"	"solution=(Intercept)=                 1;x=0.99999999999999989; message=1 | list(c(1, 1)) | list(c(1, 0, 0, 0, 0, 0, 0, 0, 0)) | list(objfrom = c(0, 0), objtill = c(1e+30, 1e+30)) | list(duals = c(0, 0, 0, 0, 0, 0, 0, 0), dualsfrom = c(-1e+30, -0.5, -1e+30, -1e+30, -1e+30, 0.166666666666667, -1e+30, -1e+30), dualstill = c(1e+30, 1e+30, 1e+30, 1e+30, 1e+30, 1e+30, 1e+30, 1e+30)) | 3 | 0"	"0"	"0"	"0.00000000000000011102230246251565"															"s0a3-0395"
"oracle"	"exact-row-controls"	"mu_response_mask"	"ROI_lpsolve_cone"	"coefficient_sign_feasibility"	"(Intercept)"	"negative=TRUE;zero=TRUE;positive=TRUE"	"negative=TRUE;zero=TRUE;positive=TRUE"	"PASS"																			"s0a3-0396"
"oracle"	"exact-row-controls"	"mu_response_mask"	"ROI_lpsolve_cone"	"sign_negative"	"x"	"unresolved"	"unresolved"	"PASS"	"solution=(Intercept)=                NA;x=                NA; message=0 | list(c(NA, NA)) | list(c(NA, NA, NA, NA, NA, NA))"	"1"																	"s0a3-0397"
"oracle"	"exact-row-controls"	"mu_response_mask"	"ROI_lpsolve_cone"	"sign_zero"	"x"	"unresolved"	"unresolved"	"PASS"	"solution=(Intercept)=                NA;x=                NA; message=0 | list(c(NA, NA)) | list(c(NA, NA, NA, NA, NA, NA))"	"1"																	"s0a3-0398"
"oracle"	"exact-row-controls"	"mu_response_mask"	"ROI_lpsolve_cone"	"sign_positive"	"x"	"feasible"	"feasible"	"PASS"	"solution=(Intercept)=0;x=                 1; message=1 | list(c(0, 1)) | list(c(1, 0, 0, 0, 0, 0, 0, 0, 0)) | list(objfrom = c(0, 0), objtill = c(1e+30, 1e+30)) | list(duals = c(0, 0, 0, 0, 0, 0, 0, 0), dualsfrom = c(-1e+30, -1e+30, -1e+30, -1e+30, -1e+30, 0.166666666666667, -1, -1e+30), dualstill = c(1e+30, 1e+30, 1e+30, 1e+30, 1e+30, 1e+30, 1, 1e+30)) | 2 | 0"	"0"	"0"	"0"															"s0a3-0399"
"oracle"	"exact-row-controls"	"mu_response_mask"	"ROI_lpsolve_cone"	"coefficient_sign_feasibility"	"x"	"negative=FALSE;zero=FALSE;positive=TRUE"	"negative=FALSE;zero=FALSE;positive=TRUE"	"PASS"																			"s0a3-0400"
"detector"	"exact-row-controls"	"mu_response_mask"	"detectseparation"	"separation_class"		"complete"	"complete"	"PASS"															"TRUE"	"complete"			"s0a3-0401"
"detector"	"exact-row-controls"	"mu_response_mask"	"detectseparation"	"coefficient_compatibility"	"(Intercept)"	"feasible_indicator"	"-Inf -> negative"	"PASS"															"TRUE"	"complete"			"s0a3-0402"
"detector"	"exact-row-controls"	"mu_response_mask"	"detectseparation"	"coefficient_compatibility"	"x"	"feasible_indicator"	"Inf -> positive"	"PASS"															"TRUE"	"complete"			"s0a3-0403"
"gate"	"exact-row-controls"	"mu_response_mask"	"drmTMB_fitted_spec"	"exact_active_specification"		"all_true"	"X=TRUE;X_names=TRUE;y=TRUE;trials=TRUE;weights=TRUE;offset=TRUE"	"PASS"											"4"	"2"	"4"	"4"					"s0a3-0404"
"gate"	"objective-rays"	"mu_response_mask"	"drmTMB_compiled"	"parameter_mapping"		"all_true"	"length=TRUE;free_names=TRUE;coefficient_names=TRUE;par_list_values=TRUE"	"PASS"																			"s0a3-0405"
"objective"	"objective-rays"	"mu_response_mask"	"drmTMB_compiled_vs_direct"	"objective_delta"		"<=1e-8"	"0"	"PASS"					"centered_intercept_negative"	"0"	"2.7725887222397811"	"2.7725887222397811"	"0"	"0"									"s0a3-0406"
"objective"	"objective-rays"	"mu_response_mask"	"drmTMB_compiled_vs_direct"	"objective_delta"		"<=1e-8"	"0.00000000000000022204460492503131"	"PASS"					"centered_intercept_negative"	"0.5"	"0.95579327443816109"	"0.9557932744381612"	"-1.8167954478016202"	"-1.8167954478016199"									"s0a3-0407"
"objective"	"objective-rays"	"mu_response_mask"	"drmTMB_compiled_vs_direct"	"objective_delta"		"<=1e-8"	"0"	"PASS"					"centered_intercept_negative"	"1"	"0.41715173915482484"	"0.41715173915482506"	"-2.3554369830849562"	"-2.3554369830849562"									"s0a3-0408"
"objective"	"objective-rays"	"mu_response_mask"	"drmTMB_compiled_vs_direct"	"objective_delta"		"<=1e-8"	"0"	"PASS"					"centered_intercept_negative"	"2"	"0.13192478021765028"	"0.13192478021765025"	"-2.6406639420221309"	"-2.6406639420221309"									"s0a3-0409"
"objective"	"objective-rays"	"mu_response_mask"	"drmTMB_compiled_vs_direct"	"objective_delta"		"<=1e-8"	"0"	"PASS"					"centered_intercept_negative"	"4"	"0.01816221836591881"	"0.018162218365918824"	"-2.7544265038738622"	"-2.7544265038738622"									"s0a3-0410"
"objective"	"objective-rays"	"mu_response_mask"	"drmTMB_compiled_vs_direct"	"objective_delta"		"<=1e-8"	"0"	"PASS"					"centered_intercept_negative"	"8"	"0.00033540644839836993"	"0.00033540644839846398"	"-2.7722533157913829"	"-2.7722533157913829"									"s0a3-0411"
"objective"	"objective-rays"	"mu_response_mask"	"drmTMB_compiled_vs_direct"	"objective_delta"		"<=1e-8"	"0"	"PASS"					"centered_intercept_negative"	"16"	"0.0000001125351684099591"	"0.00000011253516838717968"	"-2.7725886097046128"	"-2.7725886097046128"									"s0a3-0412"
"gate"	"objective-rays"	"mu_response_mask"	"drmTMB_compiled_vs_direct"	"ray_verdict"		"non_worsening_and_strict"	"max_compiled_step=-0.00033529391323007681; max_direct_step=-0.00033529391322995999; compiled_improvement=2.7725886097046128; direct_improvement=2.7725886097046128"	"PASS"					"centered_intercept_negative"														"s0a3-0413"
"objective"	"objective-rays"	"mu_response_mask"	"drmTMB_compiled_vs_direct"	"objective_delta"		"<=1e-8"	"0"	"PASS"					"centered_intercept_zero"	"0"	"2.7725887222397811"	"2.7725887222397811"	"0"	"0"									"s0a3-0414"
"objective"	"objective-rays"	"mu_response_mask"	"drmTMB_compiled_vs_direct"	"objective_delta"		"<=1e-8"	"0"	"PASS"					"centered_intercept_zero"	"0.5"	" 1.574677343396659"	" 1.574677343396659"	"-1.1979113788431222"	"-1.1979113788431222"									"s0a3-0415"
"objective"	"objective-rays"	"mu_response_mask"	"drmTMB_compiled_vs_direct"	"objective_delta"		"<=1e-8"	"0"	"PASS"					"centered_intercept_zero"	"1"	"0.88037939712239077"	"0.88037939712239077"	"-1.8922093251173904"	"-1.8922093251173904"									"s0a3-0416"
"objective"	"objective-rays"	"mu_response_mask"	"drmTMB_compiled_vs_direct"	"objective_delta"		"<=1e-8"	"0.00000000000000044408920985006262"	"PASS"					"centered_intercept_zero"	"2"	"0.29015587792156461"	"0.29015587792156444"	"-2.4824328443182164"	"-2.4824328443182169"									"s0a3-0417"
"objective"	"objective-rays"	"mu_response_mask"	"drmTMB_compiled_vs_direct"	"objective_delta"		"<=1e-8"	"0"	"PASS"					"centered_intercept_zero"	"4"	"0.036970668581410904"	"0.036970668581411015"	"-2.7356180536583703"	"-2.7356180536583703"									"s0a3-0418"
"objective"	"objective-rays"	"mu_response_mask"	"drmTMB_compiled_vs_direct"	"objective_delta"		"<=1e-8"	"0"	"PASS"					"centered_intercept_zero"	"8"	"0.00067103781612822867"	"0.00067103781612831205"	"-2.771917684423653"	"-2.771917684423653"									"s0a3-0419"
"objective"	"objective-rays"	"mu_response_mask"	"drmTMB_compiled_vs_direct"	"objective_delta"		"<=1e-8"	"0"	"PASS"					"centered_intercept_zero"	"16"	"0.00000022507036211784254"	"0.00000022507036210268475"	"-2.7725884971694192"	"-2.7725884971694192"									"s0a3-0420"
"gate"	"objective-rays"	"mu_response_mask"	"drmTMB_compiled_vs_direct"	"ray_verdict"		"non_worsening_and_strict"	"max_compiled_step=-0.00067081274576620933; max_direct_step=-0.00067081274576611088; compiled_improvement=2.7725884971694192; direct_improvement=2.7725884971694192"	"PASS"					"centered_intercept_zero"														"s0a3-0421"
"objective"	"objective-rays"	"mu_response_mask"	"drmTMB_compiled_vs_direct"	"objective_delta"		"<=1e-8"	"0"	"PASS"					"centered_intercept_positive"	"0"	"2.7725887222397811"	"2.7725887222397811"	"0"	"0"									"s0a3-0422"
"objective"	"objective-rays"	"mu_response_mask"	"drmTMB_compiled_vs_direct"	"objective_delta"		"<=1e-8"	"0.00000000000000022204460492503131"	"PASS"					"centered_intercept_positive"	"0.5"	"0.95579327443816098"	"0.9557932744381612"	"-1.8167954478016202"	"-1.8167954478016199"									"s0a3-0423"
"objective"	"objective-rays"	"mu_response_mask"	"drmTMB_compiled_vs_direct"	"objective_delta"		"<=1e-8"	"0.00000000000000044408920985006262"	"PASS"					"centered_intercept_positive"	"1"	"0.41715173915482467"	"0.41715173915482506"	"-2.3554369830849566"	"-2.3554369830849562"									"s0a3-0424"
"objective"	"objective-rays"	"mu_response_mask"	"drmTMB_compiled_vs_direct"	"objective_delta"		"<=1e-8"	"0"	"PASS"					"centered_intercept_positive"	"2"	"0.13192478021765008"	"0.13192478021765025"	"-2.6406639420221309"	"-2.6406639420221309"									"s0a3-0425"
"objective"	"objective-rays"	"mu_response_mask"	"drmTMB_compiled_vs_direct"	"objective_delta"		"<=1e-8"	"0"	"PASS"					"centered_intercept_positive"	"4"	"0.018162218365918897"	"0.018162218365918824"	"-2.7544265038738622"	"-2.7544265038738622"									"s0a3-0426"
"objective"	"objective-rays"	"mu_response_mask"	"drmTMB_compiled_vs_direct"	"objective_delta"		"<=1e-8"	"0.00000000000000044408920985006262"	"PASS"					"centered_intercept_positive"	"8"	"0.0003354064483984719"	"0.00033540644839846398"	"-2.7722533157913825"	"-2.7722533157913829"									"s0a3-0427"
"objective"	"objective-rays"	"mu_response_mask"	"drmTMB_compiled_vs_direct"	"objective_delta"		"<=1e-8"	"0"	"PASS"					"centered_intercept_positive"	"16"	"0.00000011253516838717825"	"0.00000011253516838717968"	"-2.7725886097046128"	"-2.7725886097046128"									"s0a3-0428"
"gate"	"objective-rays"	"mu_response_mask"	"drmTMB_compiled_vs_direct"	"ray_verdict"		"non_worsening_and_strict"	"max_compiled_step=-0.00033529391323007681; max_direct_step=-0.00033529391323008472; compiled_improvement=2.7725886097046128; direct_improvement=2.7725886097046128"	"PASS"					"centered_intercept_positive"														"s0a3-0429"
"gate"	"exact-row-controls"	"all_controls"	"harness"	"controls_verdict"		"PASS"	"PASS"	"PASS"	"=TRUE;=TRUE;=TRUE"																		"s0a3-0430"
"gate"	"binomial-s0a3"	"programme"	"harness"	"s0a3_verdict"		"PASS"	"PASS"	"PASS"	"STOP after binomial S0-A3; hurdle and S1 are not authorized"																		"s0a3-0431"
