"quantity","metafor","glmmTMB","drmTMB","max_abs_diff_vs_metafor"
"mu (intercept)",0.426799367102341,0.426799357030515,0.426796103035649,3.26406669132195e-06
"tau2_L3 (between-study)",0.187870224114196,0.187870253117626,0.187870254024216,2.99100202383329e-08
"sig2_L2 (within-study)",0.111992089198907,0.111991984234654,0.111992001799401,1.04964252664597e-07
"SE(mu)",0.118429193522636,0.118474859534949,0.118474869039425,4.56755167889678e-05
