"quantity","metafor","drmTMB","abs_diff"
"mu PD",0.353428169958297,0.353444766804506,1.65968462091381e-05
"mu AL",-0.339215180365991,-0.339235138458396,1.99580924049036e-05
"tau PD (between-study SD)",0.108319079723925,0.108319108535727,2.88118024022177e-08
"tau AL (between-study SD)",0.180696763855876,0.180696803338084,3.94822081695168e-08
"rho between-study",0.608798575395785,0.608798910956654,3.35560869091367e-07
