"quantity","metafor","glmmTMB","drmTMB","max_abs_diff_vs_metafor"
"mu (location intercept)",0.228205816955119,0.228205841419513,0.228178381812522,2.74351425968433e-05
"log(tau^2) intrcpt",-3.34439164012335,-3.34439187505609,-3.34439192131632,2.81192975126743e-07
"log(tau^2) gradef2",1.20691885446331,1.20692048124546,1.20691915606582,1.62678214987722e-06
"log(tau^2) gradef3",1.00277608442343,1.00277555896578,1.00277642721919,5.25457642064353e-07
"log(tau^2) gradef4",0.0832849103068379,0.0832855295473533,0.0832854713014075,6.1924051544815e-07
