"parameter","truth","mean_est","bias","mcse"
"mu",0.3,0.304185085904542,0.00418508590454186,0.00377806494077702
"alpha0",-1.38629436111989,-1.36432405528912,0.0219703058307659,0.0145976534741548
"sd_disp",0.5,0.479719595233074,-0.0202804047669263,0.0160873114610206
