"parameter","n_rep","coverage","mcse","mean_bias","nominal"
"mu:(Intercept)",100,0.95,0.0217944947177034,-0.0070075896240713,0.95
"mu:x",100,0.89,0.031288975694324,-0.014525458876844,0.95
"sigma",100,0.96,0.0195959179422654,-0.00387097857110616,0.95
